overall_rank,pos_rank,player_id,full_name,position,team,opponent_team,home,game_id,kickoff,proj,floor,ceiling,neutral,matchup_pts,matchup_grade,opp_rank,d_idx,implied,tier,injury,limited_history,depth_rank,headshot_url,f_targets,f_carries,f_attempts,f_passing_yards,f_rushing_yards,f_receiving_yards,f_target_share,actual
1,1,00-0039075,Puka Nacua,WR,LA,SF,1.0,2026_01_SF_LA,2026-09-10 20:35:00,21.329463760976985,10.973576632380466,30.92980781712759,21.00095751663594,0.328506244341046,C,13,0.6353843916128512,25.5,1,,False,1.0,"https://static.www.nfl.com/image/upload/f_auto,q_auto/league/ipy6qw7hdygdfc8k86ba",11.665747461012195,1.0902141007350876,0.0,0.0,6.780935195605077,111.17380971132064,0.320153640205951,12.4
2,1,00-0038542,Bijan Robinson,RB,ATL,PIT,0.0,2026_01_ATL_PIT,2026-09-13 13:00:00,19.914302187810968,9.932521083130991,30.83708416795585,20.797040912824457,-0.882738725013489,D,28,-1.9865009099250792,17.0,1,,False,1.0,"https://static.www.nfl.com/image/upload/f_auto,q_auto/league/esii5yb8yn9edboi4mlq",6.200877239726133,17.53025036502257,0.0,0.0,91.2785525109342,44.47420591809738,0.2075823746754037,
3,2,00-0033280,Christian McCaffrey,RB,SF,LA,0.0,2026_01_SF_LA,2026-09-10 20:35:00,19.61348057381441,9.631699469134436,30.53626255395929,19.704542599878867,-0.0910620260644563,C,13,0.8611839894662499,22.0,1,,False,1.0,"https://static.www.nfl.com/image/upload/f_auto,q_auto/league/st82s2ytyzanatcmkqck",6.78222205448072,16.95723194401536,0.061386820940675,0.0,67.25160048893032,46.641688644428974,0.2234115335673082,13.8
4,1,00-0034857,Josh Allen,QB,BUF,HOU,0.0,2026_01_BUF_HOU,2026-09-13 13:00:00,19.26307479220904,10.703327072340098,28.048475720064445,20.296741999097986,-1.0336672068889463,D,27,-1.7826021456428387,23.0,1,,False,1.0,"https://static.www.nfl.com/image/upload/f_auto,q_auto/league/mjwbioajzldkq1vzoz2d",0.0,8.17328528368048,30.43295401901292,235.3496773363364,39.24039013960266,0.0,0.0,
5,2,00-0036900,Ja'Marr Chase,WR,CIN,TB,1.0,2026_01_TB_CIN,2026-09-13 13:00:00,18.640783501881437,8.284896373284914,28.24112755803204,18.241007398139796,0.3997761037416403,C,15,-0.2774585989483792,27.0,2,,False,1.0,"https://static.www.nfl.com/image/upload/f_auto,q_auto/league/qya3dtjb5kgofcuj2tuw",11.547876200684527,0.1512074860502315,0.0,0.0,0.7898277660311805,89.47337623704001,0.3180939746650861,
6,3,00-0039139,Jahmyr Gibbs,RB,DET,NO,1.0,2026_01_NO_DET,2026-09-13 13:00:00,18.480702272228584,8.498921167548609,29.403484252373467,18.111949008465373,0.3687532637632102,C,31,-2.2517159403573817,28.25,1,,False,1.0,"https://static.www.nfl.com/image/upload/f_auto,q_auto/league/cursejnmmp1i9hnxihkj",6.034985784583103,14.470984265266283,0.0,0.0,67.26718697569258,39.36282145224957,0.1676885937402609,
7,2,00-0026498,Matthew Stafford,QB,LA,SF,1.0,2026_01_SF_LA,2026-09-10 20:35:00,18.371822271017614,9.812074551148676,27.157223198873023,17.819672760596625,0.552149510420989,B,16,-0.1885201160331379,25.5,1,,False,1.0,"https://static.www.nfl.com/image/upload/f_auto,q_auto/league/jwpkjfrkzufdyh8u1mg7",0.0,1.4277232949842775,37.29845560967799,295.8208491710733,2.3542244458276214,0.0,0.0,4.1000000000000005
8,3,00-0036963,Amon-Ra St. Brown,WR,DET,NO,1.0,2026_01_NO_DET,2026-09-13 13:00:00,18.18046163518645,7.824574506589935,27.780805691337054,17.724261638456156,0.4561999967302981,C,19,-1.097781970070442,28.25,2,,False,1.0,"https://static.www.nfl.com/image/upload/f_auto,q_auto/league/fd8nwhm6pvxfyzphzl6i",10.98282909893094,0.0804807076984761,0.0,0.0,0.2282642119334486,87.55155810060994,0.3262068225280856,
9,3,00-0036971,Trevor Lawrence,QB,JAX,CLE,1.0,2026_01_CLE_JAX,2026-09-13 13:00:00,18.08165896995288,9.521911250083942,26.86705989780829,18.656704657968422,-0.5750456880155461,D,31,-3.49706508755364,24.5,1,,False,1.0,"https://static.www.nfl.com/image/upload/f_auto,q_auto/league/k9uzdernqkx7oquy7dkg",0.0,5.017421432244012,32.00778127241359,241.6003769070576,23.719407795960876,0.0,0.0,
10,4,00-0033873,Patrick Mahomes,QB,KC,DEN,1.0,2026_01_DEN_KC,2026-09-14 20:15:00,18.07600932436568,9.516261604496744,26.86141025222109,17.727577532186817,0.3484317921788644,C,17,-0.4135720093112624,23.0,1,,False,1.0,"https://static.www.nfl.com/image/upload/f_auto,q_auto/league/wdckwtob1lybvkmxnf7p",0.1212590314085646,4.118372914396132,35.566240632307114,251.1494165681956,28.582779733587422,-1.2125903140856462,0.0041813459106401,
11,4,00-0038543,Jaxon Smith-Njigba,WR,SEA,NE,1.0,2026_01_NE_SEA,2026-09-09 20:20:00,17.891264642885766,9.09088524794506,26.62637379927287,17.785535583537587,0.1057290593481781,C,20,-1.1048100820623636,23.75,2,,False,1.0,"https://static.www.nfl.com/image/upload/f_auto,q_auto/league/yx1xjrupbqdknnjaq4a6",9.421081058894911,0.2224269711531957,0.0,0.0,1.0798777670140562,88.36289478137606,0.338865886208876,26.200000000000003
12,5,00-0040691,Jaxson Dart,QB,NYG,DAL,1.0,2026_01_DAL_NYG,2026-09-13 20:20:00,17.733900478328678,9.941935372333385,25.78439488945204,16.018396741847038,1.71550373648164,A,1,3.9146469771619823,22.25,1,,False,1.0,"https://static.www.nfl.com/image/upload/f_auto,q_auto/league/n6uymxssgiicjmxkzxoc",0.0,6.205678660237973,26.30066628229065,176.32011865604554,36.41046788076677,0.0,0.0,
13,4,00-0039040,De'Von Achane,RB,MIA,LV,0.0,2026_01_MIA_LV,2026-09-13 16:25:00,17.569870753950745,9.105857969206747,26.40955957503329,17.75455214884191,-0.1846813948911645,C,6,2.5168216117778366,18.75,1,,False,1.0,"https://static.www.nfl.com/image/upload/f_auto,q_auto/league/xk1xwio0bryfxo1ylweu",4.613719963337917,15.46138789406784,0.0,0.0,89.49026711054863,29.368981158358235,0.1720422211789839,
14,6,00-0036355,Justin Herbert,QB,LAC,ARI,1.0,2026_01_ARI_LAC,2026-09-13 16:25:00,17.240379576033042,9.448414470037749,25.29087398715641,16.616932922588955,0.6234466534440877,B,18,-0.4514296205157451,28.5,1,,False,1.0,"https://static.www.nfl.com/image/upload/f_auto,q_auto/league/jnkspnntgebegzp4ghve",0.0,6.00903536161365,30.26813350313732,214.6777508842253,34.931450929791175,0.0,0.0,
15,7,00-0039851,Drake Maye,QB,NE,SEA,0.0,2026_01_NE_SEA,2026-09-09 20:20:00,17.0146906030069,9.222725497011606,25.065185014130265,18.070843126907807,-1.0561525239009055,D,26,-1.4900452682584426,20.75,1,,False,1.0,"https://static.www.nfl.com/image/upload/f_auto,q_auto/league/s1nmoon2xnrc3bnyulv4",0.0964999450279818,6.362115142664072,29.16781284285745,237.34620028462456,33.88759943447954,0.0237474325207906,0.0033981651305119,9.82
16,5,00-0038597,Chase Brown,RB,CIN,TB,1.0,2026_01_TB_CIN,2026-09-13 13:00:00,17.011788173992585,8.547775389248589,25.85147699507513,16.534859008864714,0.4769291651278706,C,21,-0.4139025094736344,27.0,1,,False,1.0,"https://static.www.nfl.com/image/upload/f_auto,q_auto/league/tch3y6jlj7khvyi9jg0c",5.3187026025833175,14.182936779927768,0.0,0.0,66.66922383409788,28.629637089761296,0.1443332813964179,
17,8,00-0039732,Bo Nix,QB,DEN,KC,0.0,2026_01_DEN_KC,2026-09-14 20:15:00,16.978399289560958,9.186434183565662,25.02889370068432,17.988316416895866,-1.0099171273349086,D,25,-1.3075441254940574,20.5,1,,False,1.0,"https://static.www.nfl.com/image/upload/f_auto,q_auto/league/zvo9xatffmqn9lnukpgk",0.0555418240892797,6.036047317672535,37.18762801374952,239.66901760917892,23.557894066664456,0.0,0.0015428284469244,
18,9,00-0036389,Jalen Hurts,QB,PHI,WAS,1.0,2026_01_WAS_PHI,2026-09-13 16:25:00,16.876610350832152,9.084645244836857,24.927104761955515,15.957312349343256,0.9192980014888974,B,9,0.9817007874449036,25.25,1,,False,1.0,"https://static.www.nfl.com/image/upload/f_auto,q_auto/league/xow5yvxjeqa6witmofmp",0.0,5.787801232407928,29.48377130138025,193.54454098989328,23.405495809739502,0.0,0.0,
19,10,00-0039918,Caleb Williams,QB,CHI,CAR,0.0,2026_01_CHI_CAR,2026-09-13 13:00:00,16.486057619640253,8.694092513644957,24.536552030763616,17.601451426650765,-1.1153938070105127,D,29,-2.395906825526223,25.25,1,,False,1.0,"https://static.www.nfl.com/image/upload/f_auto,q_auto/league/h4qs11kutwiw7whekmyt",0.0689043767722708,4.138206809672555,36.58489928089215,251.1146568015237,22.64486087841341,0.7579481444949796,0.0020265993168314,
20,5,00-0037239,Chris Olave,WR,NO,DET,0.0,2026_01_NO_DET,2026-09-13 13:00:00,16.47401537125139,7.673635976310685,25.20912452763849,16.610692914264988,-0.1366775430135973,C,11,1.0410088574498109,21.25,3,,False,1.0,"https://static.www.nfl.com/image/upload/f_auto,q_auto/league/onmxufsprtvglhejg94o",9.815100795584586,0.0513903444980872,0.0323738883972446,0.0,-0.1541710334942618,81.69176150712518,0.2967545917844933,
21,11,00-0036442,Joe Burrow,QB,CIN,TB,1.0,2026_01_TB_CIN,2026-09-13 13:00:00,16.430102851943253,8.638137745947958,24.480597263066617,14.795222708173082,1.6348801437701717,A,2,2.902778148928074,27.0,1,,False,1.0,"https://static.www.nfl.com/image/upload/f_auto,q_auto/league/gnnvcgui1cijybukk2w7",0.0,1.8538819438578764,33.43386098084383,239.81896889706985,5.952182662283263,0.0,0.0,
22,6,00-0036223,Jonathan Taylor,RB,IND,BAL,1.0,2026_01_BAL_IND,2026-09-13 13:00:00,16.283263923037186,7.81925113829319,25.12295274411973,16.174364144634033,0.1088997784031526,C,18,-0.1073455075049363,22.5,1,,False,1.0,"https://static.www.nfl.com/image/upload/f_auto,q_auto/league/yw46ky6akdm7h7siofu8",3.236008755977652,19.00439060383781,0.0,0.0,82.29878999664261,20.08720818370627,0.109957023830685,
23,7,00-0032764,Derrick Henry,RB,BAL,IND,0.0,2026_01_BAL_IND,2026-09-13 13:00:00,16.147475754651452,7.683462969907456,24.987164575734,15.94413452641884,0.2033412282326114,C,15,0.316018828871896,26.0,1,,False,1.0,"https://static.www.nfl.com/image/upload/f_auto,q_auto/league/tm79x0iknqg6hms3ypyt",1.066841167760518,19.634180909502863,0.0251816116191015,0.0,107.63681687247484,8.08666616434554,0.0433061185400694,
24,12,00-0033106,Jared Goff,QB,DET,NO,1.0,2026_01_NO_DET,2026-09-13 13:00:00,16.003753684753896,8.2117885787586,24.05424809587726,15.472667813961094,0.5310858707928023,B,19,-0.6955056019562736,28.25,1,,False,1.0,"https://static.www.nfl.com/image/upload/f_auto,q_auto/league/kaicbot8qhzrvddilbtp",0.0,1.049719579627396,36.17376617263077,282.0634859111276,2.3497105603731083,0.0,0.0,
25,13,00-0037834,Brock Purdy,QB,SF,LA,0.0,2026_01_SF_LA,2026-09-10 20:35:00,15.859757594406425,8.06779248841113,23.910252005529788,15.938318207692031,-0.0785606132856084,C,6,1.3178485361910257,22.0,1,,False,1.0,"https://static.www.nfl.com/image/upload/f_auto,q_auto/league/xs2fyj1sqdgwvt9ihbri",0.0,4.608653829782225,30.50923911870886,225.3215419064336,21.65270325605415,0.0,0.0,21.1
26,8,00-0034844,Saquon Barkley,RB,PHI,WAS,1.0,2026_01_WAS_PHI,2026-09-13 16:25:00,15.68025416122908,7.216241376485085,24.519942982311623,14.815696191441807,0.8645579697872741,B,2,4.126408072475582,25.25,1,,False,1.0,"https://static.www.nfl.com/image/upload/f_auto,q_auto/league/qcayrzjpura2zydszonh",3.1563355620585853,19.08342269954796,0.0,0.0,81.34123569559213,15.063914520470794,0.1130189451357911,
27,6,00-0038117,Wan'Dale Robinson,WR,TEN,NYJ,1.0,2026_01_NYJ_TEN,2026-09-13 13:00:00,15.554282589888576,6.753903194947871,24.28939174627568,15.568305705640457,-0.014023115751879,C,3,2.351017871402859,20.0,3,,False,2.0,"https://static.www.nfl.com/image/upload/f_auto,q_auto/league/yzcvyhmilvxedfjfjglc",9.420581004457402,0.2332829706966769,0.0,0.0,0.4187791902561047,64.94208287951902,0.340647371491557,
28,7,00-0039067,Rashee Rice,WR,KC,DEN,1.0,2026_01_DEN_KC,2026-09-14 20:15:00,15.489537668090492,6.689158273149786,24.224646824477595,15.559051488146912,-0.0695138200564216,C,30,-3.453143329065961,23.0,3,,False,1.0,"https://static.www.nfl.com/image/upload/f_auto,q_auto/league/qhkbqrydjeur8zvrrmfl",9.892583365968909,0.527492686218965,0.0,0.0,1.9815665204632824,70.1943855161474,0.2978038372321756,
29,14,00-0033077,Dak Prescott,QB,DAL,NYG,0.0,2026_01_DAL_NYG,2026-09-13 20:20:00,15.41181550399977,7.619850398004475,23.462309915123136,16.01334313332348,-0.6015276293237104,D,21,-0.814307985343564,25.25,1,,False,1.0,"https://static.www.nfl.com/image/upload/f_auto,q_auto/league/yvscmqq1qki8zfsemmcd",0.0,3.0735535346079974,33.365344266768524,260.6045633108229,10.23167980848186,0.0,0.0,
30,15,00-0040743,Tyler Shough,QB,NO,DET,0.0,2026_01_NO_DET,2026-09-13 13:00:00,15.37141484465376,7.579449738658464,23.421909255777123,15.403535755743151,-0.0321209110893914,C,5,1.5813703055288428,21.25,1,,False,1.0,"https://static.www.nfl.com/image/upload/f_auto,q_auto/league/toiafc7qighw86geo7jf",0.0,4.295636038374342,31.66448609920861,239.54993698930585,19.377860102727645,0.0,0.0,
31,1,00-0037744,Trey McBride,TE,ARI,LAC,0.0,2026_01_ARI_LAC,2026-09-13 16:25:00,15.3521006717907,6.788633741083542,25.135611960096064,15.717678094022071,-0.3655774222313717,C,26,-0.6844304330242769,19.0,1,,False,1.0,"https://static.www.nfl.com/image/upload/f_auto,q_auto/league/psasp10nn5pcvkli9kil",10.115673676146416,0.0,0.0,0.0,0.0,74.78569807809293,0.2830342839304369,
32,8,00-0039064,Zay Flowers,WR,BAL,IND,0.0,2026_01_BAL_IND,2026-09-13 13:00:00,15.173273761669298,6.372894366728593,23.9083829180564,14.898594449988556,0.2746793116807424,C,7,1.8804701975704865,26.0,3,,False,1.0,"https://static.www.nfl.com/image/upload/f_auto,q_auto/league/xzhto2dejy2pflkfx40c",6.651245043400832,0.5168553792365892,0.0,0.0,3.8252100761029646,73.94795489111834,0.3037867799458244,
33,16,00-0035228,Kyler Murray,QB,MIN,GB,1.0,2026_01_GB_MIN,2026-09-13 16:25:00,15.01910477122915,7.227139665233855,23.069599182352512,14.383978104048122,0.6351266671810283,B,13,0.3832221929315934,24.0,1,,True,1.0,"https://static.www.nfl.com/image/upload/f_auto,q_auto/league/btfruyf33adgnjzpcuen",0.0,5.613634946461061,32.63644286916396,194.6022065496013,34.17978147449963,0.0,0.0,
34,17,00-0039150,Bryce Young,QB,CAR,CHI,1.0,2026_01_CHI_CAR,2026-09-13 13:00:00,15.004014561160448,7.212049455165152,23.054508972283813,14.321887696661848,0.6821268644986009,B,10,0.734076367208134,22.25,1,,False,1.0,"https://static.www.nfl.com/image/upload/f_auto,q_auto/league/vcvhmxvxw2a3armle0af",0.0,3.7942830019265,30.43335366156577,197.3397896468662,16.343991189641407,0.0,0.0,
35,18,00-0035710,Daniel Jones,QB,IND,BAL,1.0,2026_01_BAL_IND,2026-09-13 13:00:00,14.960420508646234,7.168455402650938,23.0109149197696,14.165640482834853,0.7947800258113826,B,8,1.0406090814502709,22.5,1,,False,1.0,"https://static.www.nfl.com/image/upload/f_auto,q_auto/league/ohvvctuykzwrpqer7xgl",0.0,3.066123378331157,28.075883465252502,221.04940366333457,12.307814596037064,0.0,0.0,
36,9,00-0038134,Kenneth Walker III,RB,KC,DEN,1.0,2026_01_DEN_KC,2026-09-14 20:15:00,14.85794489717439,6.393932112430393,23.69763371825693,14.95561907529806,-0.09767417812367,C,29,-2.202769919558114,23.0,1,,False,1.0,"https://static.www.nfl.com/image/upload/f_auto,q_auto/league/vk6nruaqdewdglofcwwg",2.85472349646696,15.88811721122747,0.0,0.0,76.10841101847436,24.768300029506054,0.1067357317598751,
37,10,00-0037840,Kyren Williams,RB,LA,SF,1.0,2026_01_SF_LA,2026-09-10 20:35:00,14.72157177756658,6.2575589928225845,23.561260598649127,14.083651960420497,0.637919817146086,B,8,2.051195626518701,25.5,1,,False,1.0,"https://static.www.nfl.com/image/upload/f_auto,q_auto/league/xti3pek6rmojqchakxpy",3.004227751023638,14.772859163631388,0.0,0.0,69.60331103004303,18.78841860953801,0.0798751954864154,15.5
38,11,00-0040122,Ashton Jeanty,RB,LV,MIA,1.0,2026_01_MIA_LV,2026-09-13 16:25:00,14.70395037271189,6.239937587967894,23.543639193794437,14.344135380750863,0.3598149919610272,C,4,2.544780441121253,21.75,1,,False,1.0,"https://static.www.nfl.com/image/upload/f_auto,q_auto/league/syspis1mntov9kgspb7r",4.516902516748471,16.310847039267415,0.0,0.0,59.78673087787416,22.059592490538293,0.1609931912239784,
39,12,00-0037248,James Cook,RB,BUF,HOU,0.0,2026_01_BUF_HOU,2026-09-13 13:00:00,14.39405514846041,5.930042363716414,23.23374396954296,14.796852274077184,-0.4027971256167735,C,32,-2.484908465434435,23.0,1,,False,1.0,"https://static.www.nfl.com/image/upload/f_auto,q_auto/league/anjbznqb9i21wzcgrtbs",2.459293961752957,17.90212539591373,0.0,0.0,87.98157884739472,15.3832396053838,0.0821122580599126,
40,19,00-0034855,Baker Mayfield,QB,TB,CIN,0.0,2026_01_TB_CIN,2026-09-13 13:00:00,14.37232582443542,6.580360718440126,22.422820235558785,14.667626790462208,-0.2953009660267867,C,12,0.409580583925578,23.5,1,,False,1.0,"https://static.www.nfl.com/image/upload/f_auto,q_auto/league/gjb8e69jtt1ffqf1afue",0.0,3.3729159488197102,31.07793743773458,213.31789936931247,23.429309564178627,0.0,0.0,
41,9,00-0037238,Drake London,WR,ATL,PIT,0.0,2026_01_ATL_PIT,2026-09-13 13:00:00,14.141528588363386,5.34114919342268,22.87663774475049,14.568783995867252,-0.4272554075038677,C,8,1.84646750848709,17.0,3,,False,1.0,"https://static.www.nfl.com/image/upload/f_auto,q_auto/league/mcllowcfrmmdeo4zy3g1",8.696907501957154,0.0,0.0,0.0,0.0,73.34926044250479,0.2829758604591977,
42,20,00-0033119,Jacoby Brissett,QB,ARI,LAC,0.0,2026_01_ARI_LAC,2026-09-13 16:25:00,13.895302894099768,5.479171504349484,22.122565236750045,15.600550760666785,-1.7052478665670172,F,30,-3.206486773705794,19.0,1,,False,1.0,"https://static.www.nfl.com/image/upload/f_auto,q_auto/league/qjswiunczrn5xmdiqhlz",0.0,2.561439170802418,36.64974719956066,250.56182578702567,11.8199857706224,0.0,0.0,
43,21,00-0034796,Lamar Jackson,QB,BAL,IND,0.0,2026_01_BAL_IND,2026-09-13 13:00:00,13.891683869939133,5.475552480188849,22.11894621258941,14.220189289495062,-0.3285054195559294,C,15,-0.0945765043521704,26.0,1,,False,1.0,"https://static.www.nfl.com/image/upload/f_auto,q_auto/league/eno6s5qzl9grbfbfwhoa",0.0,4.829640963598783,22.073344755745,190.4262505715297,23.18746416138511,0.0,0.0,
44,22,00-0039910,Jayden Daniels,QB,WAS,PHI,0.0,2026_01_WAS_PHI,2026-09-13 16:25:00,13.880367468875402,5.464236079125119,22.10762981152568,14.799136411718564,-0.9187689428431618,D,22,-0.9468546351329568,19.25,1,,True,1.0,"https://static.www.nfl.com/image/upload/f_auto,q_auto/league/gfz8k5onuqjrche9ogqc",0.0,8.026516366408316,25.65399645295315,169.507921463995,38.185757375268736,0.0,0.0,
45,10,00-0038606,Parker Washington,WR,JAX,CLE,1.0,2026_01_CLE_JAX,2026-09-13 13:00:00,13.656541841504112,6.001441805412747,22.07503087612748,13.46398686310999,0.1925549783941207,C,17,-0.5327932224102687,24.5,3,,False,2.0,"https://static.www.nfl.com/image/upload/f_auto,q_auto/league/yn0hc5xrz5nqeccg8two",7.295250024360783,0.6034529870272359,0.0,0.0,-0.0798026205549199,71.6160250724428,0.2286857569539667,
46,11,00-0037247,George Pickens,WR,DAL,NYG,0.0,2026_01_DAL_NYG,2026-09-13 20:20:00,13.635419125885342,5.980319089793977,22.05390816050871,13.578978348782268,0.0564407771030737,C,21,-1.331655319140544,25.25,3,,False,2.0,"https://static.www.nfl.com/image/upload/f_auto,q_auto/league/cbpyykoguf7rsxezqzvk",7.664324870832783,0.0,0.0,0.0,0.0,78.81974718050493,0.2198672134717385,
47,23,00-0034869,Sam Darnold,QB,SEA,NE,1.0,2026_01_NE_SEA,2026-09-09 20:20:00,13.62080358194769,5.204672192197407,21.848065924597968,13.73128153769831,-0.1104779557506194,C,28,-1.9466113578726505,23.75,1,,False,1.0,"https://static.www.nfl.com/image/upload/f_auto,q_auto/league/fyay8vruj0cqmhopufzk",0.0,2.360911687762388,29.51883541562475,228.3260821348928,5.550136695319114,0.0,0.0,0.52
48,13,00-0036973,Travis Etienne,RB,NO,DET,0.0,2026_01_NO_DET,2026-09-13 13:00:00,13.549730533618623,6.1867041591814855,20.990305690015266,13.825435401078742,-0.275704867460119,C,19,-0.1148355435039112,21.25,1,,False,1.0,"https://static.www.nfl.com/image/upload/f_auto,q_auto/league/pwko5dybmjie8qqo4qz2",3.1894684614973188,14.692834525850438,0.0,0.0,59.460689242991954,22.709176227697917,0.1029212578958726,
49,12,00-0036322,Justin Jefferson,WR,MIN,GB,1.0,2026_01_GB_MIN,2026-09-13 16:25:00,13.502248025610594,5.84714798951923,21.92073706023396,13.264850359427305,0.2373976661832912,C,10,1.1496631124970225,24.0,3,,False,1.0,"https://static.www.nfl.com/image/upload/f_auto,q_auto/league/htjevkugzk6ietrjysny",8.036331130263193,0.1468940285839415,0.0,0.0,0.4606687441390328,56.19662200524962,0.3118246446100269,
50,14,00-0040715,Cam Skattebo,RB,NYG,DAL,1.0,2026_01_DAL_NYG,2026-09-13 20:20:00,13.446821518334009,6.083795143896871,20.887396674730645,13.005172902369418,0.4416486159645902,B,3,2.8517560036732545,22.25,1,,False,1.0,"https://static.www.nfl.com/image/upload/f_auto,q_auto/league/hlggiqdfvj1f4kntkafr",3.9836879008084383,12.78745963950789,0.0,0.0,52.377369411102,25.89287903978974,0.1300315296630727,
51,24,00-0039163,C.J. Stroud,QB,HOU,BUF,1.0,2026_01_BUF_HOU,2026-09-13 13:00:00,13.425640983992436,5.009509594242152,21.652903326642715,13.438013106673504,-0.012372122681068,C,24,-1.282893988930354,21.5,1,,False,1.0,"https://static.www.nfl.com/image/upload/f_auto,q_auto/league/tt4zrtxlhifaljhj0rn7",0.0,2.899021816405029,32.21128793913919,219.09825372868207,9.50586267466381,0.0,0.0,
52,13,00-0038559,Michael Wilson,WR,ARI,LAC,0.0,2026_01_ARI_LAC,2026-09-13 16:25:00,13.379516386649884,5.72441635055852,21.798005421273253,13.90287919705517,-0.5233628104052865,D,28,-3.210578656517344,19.0,3,,False,2.0,"https://static.www.nfl.com/image/upload/f_auto,q_auto/league/hm2b9z4zujjmbiyldh8n",8.5238875408065,0.0,0.0,0.0,0.0,73.59154980969336,0.2243398280535869,
53,25,00-0040676,Cam Ward,QB,TEN,NYJ,1.0,2026_01_NYJ_TEN,2026-09-13 13:00:00,13.341480603852052,4.925349214101768,21.56874294650233,12.073535867644368,1.267944736207685,A,3,2.8988942719509145,20.0,1,,False,1.0,"https://static.www.nfl.com/image/upload/f_auto,q_auto/league/l7switu6stlwd2irm8yo",0.0,2.324923391284185,29.731720873640366,179.96835629227988,10.03905407236656,0.0,0.0,
54,26,00-0023459,Aaron Rodgers,QB,PIT,ATL,1.0,2026_01_ATL_PIT,2026-09-13 13:00:00,13.16020352940013,4.744072139649846,21.38746587205041,12.449616482148487,0.7105870472516411,B,11,0.6206927941018415,23.5,1,,False,1.0,"https://static.www.nfl.com/image/upload/f_auto,q_auto/league/dypvakakxhccxs67tb0y",0.0712243533482906,1.040715044235818,33.144330259911456,205.55652124757023,4.669491838860449,-0.6410191801346153,0.0021583137378269,
55,14,00-0036358,CeeDee Lamb,WR,DAL,NYG,0.0,2026_01_DAL_NYG,2026-09-13 20:20:00,13.159302517548753,5.504202481457388,21.57779155217212,13.10286174044568,0.0564407771030737,C,21,-1.331655319140544,25.25,3,,False,1.0,"https://static.www.nfl.com/image/upload/f_auto,q_auto/league/mbblzwtynxr15ovzkevi",8.197133384012181,0.0496260811374836,0.0,0.0,0.0992521622749672,73.46690340557132,0.2302063458746398,
56,15,00-0039361,Bucky Irving,RB,TB,CIN,0.0,2026_01_TB_CIN,2026-09-13 13:00:00,13.146188725130346,5.783162350693208,20.586763881526984,12.900294426801914,0.245894298328432,C,5,2.543923442502603,23.5,1,,False,1.0,"https://static.www.nfl.com/image/upload/f_auto,q_auto/league/vkc00rvnix3f2b96vkwo",3.273926646249634,17.477183817862784,0.0,0.0,59.20710464195276,23.76669017714203,0.1000485585676455,
57,16,00-0036997,Javonte Williams,RB,DAL,NYG,0.0,2026_01_DAL_NYG,2026-09-13 20:20:00,13.055607440662431,5.692581066225293,20.496182597059068,12.667266683591668,0.3883407570707646,B,7,2.419075162179636,25.25,1,,False,1.0,"https://static.www.nfl.com/image/upload/f_auto,q_auto/league/xvwroirev2kie6oiphtz",2.731328491308437,15.341572680690836,0.0,0.0,70.52733898293853,6.644825702677013,0.074879680858863,
58,17,00-0039384,Tyrone Tracy Jr.,RB,NYG,DAL,1.0,2026_01_DAL_NYG,2026-09-13 20:20:00,13.041918339904072,5.678891965466934,20.48249349630071,12.600269723939482,0.4416486159645902,B,3,2.8517560036732545,22.25,1,,False,3.0,"https://static.www.nfl.com/image/upload/f_auto,q_auto/league/b9nje50lohbprf06xoom",3.507684402191816,13.433689577441111,0.0,0.0,59.591241532169306,21.523805050015618,0.1211465383659616,
59,27,00-0036264,Jordan Love,QB,GB,MIN,0.0,2026_01_GB_MIN,2026-09-13 16:25:00,12.991146601511796,4.575015211761514,21.218408944162075,14.989373747007852,-1.998227145496056,F,32,-4.670973310146718,22.5,1,,False,1.0,"https://static.www.nfl.com/image/upload/f_auto,q_auto/league/thz8stjkbjwddxqnozi5",0.0,2.6769172920985054,30.597464191852534,226.33329928044276,12.279222605638846,0.0,0.0,
60,15,00-0031381,Davante Adams,WR,LA,SF,1.0,2026_01_SF_LA,2026-09-10 20:35:00,12.844506840100792,5.189406804009427,21.26299587472416,12.516000595759742,0.3285062443410496,C,13,0.6353843916128512,25.5,3,,False,2.0,"https://static.www.nfl.com/image/upload/f_auto,q_auto/league/tdzluk4xau3arxqk9zsl",7.881429694175803,0.0,0.0,0.0,0.0,56.61236210480094,0.2288840513393392,5.6
61,2,00-0040126,Colston Loveland,TE,CHI,CAR,0.0,2026_01_CHI_CAR,2026-09-13 13:00:00,12.84257170285854,5.580658076857786,19.853842351770677,12.600069649877517,0.2425020529810257,C,20,0.0416718010225789,25.25,2,,False,1.0,"https://static.www.nfl.com/image/upload/f_auto,q_auto/league/cnxiyi76jeahgx94nh6d",7.756616565357017,0.0699783133196417,0.0,0.0,-0.1399566266392834,63.11578291616424,0.2224829519786608,
62,16,00-0036554,Nico Collins,WR,HOU,BUF,1.0,2026_01_BUF_HOU,2026-09-13 13:00:00,12.792659531444304,5.13755949535294,21.21114856606767,12.917913354945046,-0.1252538235007421,C,24,-2.2283020802923685,21.5,3,,False,1.0,"https://static.www.nfl.com/image/upload/f_auto,q_auto/league/fguybjrn1kwflxm5szwq",7.530971557058496,0.1090153832463308,0.0,0.0,0.7994461438064264,69.8830970084198,0.2308153935640534,
63,18,00-0036275,D'Andre Swift,RB,CHI,CAR,0.0,2026_01_CHI_CAR,2026-09-13 13:00:00,12.756519489788133,5.393493115350995,20.19709464618477,12.54335105862374,0.2131684311643926,C,11,0.9599110495891328,25.25,1,,False,1.0,"https://static.www.nfl.com/image/upload/f_auto,q_auto/league/owpmwzoilitcodc6cmxo",2.2473476524458715,14.051325974588812,0.0,0.0,66.60100313480359,16.39666011058896,0.0685241502696824,
64,17,00-0037740,Garrett Wilson,WR,NYJ,TEN,0.0,2026_01_NYJ_TEN,2026-09-13 13:00:00,12.717506421876427,5.0624063857850645,21.1359954564998,13.050345963523077,-0.3328395416466474,C,9,1.179481482378954,18.5,3,,True,1.0,"https://static.www.nfl.com/image/upload/f_auto,q_auto/league/upxwxmhdd8xluztgqwhe",8.046667018808217,0.0,0.0,0.0,0.0,50.049289468652105,0.348256000923058,
65,19,00-0036919,Kenny Gainwell,RB,TB,CIN,0.0,2026_01_TB_CIN,2026-09-13 13:00:00,12.704619683524944,5.341593309087805,20.14519483992158,12.45872538519651,0.245894298328432,C,5,2.543923442502603,23.5,1,,False,2.0,"https://static.www.nfl.com/image/upload/f_auto,q_auto/league/eo62l8ec8e3lzt86ihth",5.682945734365403,6.735111507556487,0.0,0.0,31.083741144349528,34.73272064191951,0.1753899785605968,
66,18,00-0037240,Jameson Williams,WR,DET,NO,1.0,2026_01_NO_DET,2026-09-13 13:00:00,12.6870702209238,5.031970184832436,21.105559255547167,12.230870224193502,0.4561999967302981,B,19,-1.097781970070442,28.25,3,,False,2.0,"https://static.www.nfl.com/image/upload/f_auto,q_auto/league/byiptqggtglvy5qrw5wp",6.650243255700153,0.2876806979066383,0.0,0.0,0.7191725361768018,72.24244846170406,0.1962851255830086,
67,19,00-0036410,Tee Higgins,WR,CIN,TB,1.0,2026_01_TB_CIN,2026-09-13 13:00:00,12.38168847015186,4.726588434060496,20.800177504775228,11.98191236641022,0.3997761037416403,B,15,-0.2774585989483792,27.0,3,,False,2.0,"https://static.www.nfl.com/image/upload/f_auto,q_auto/league/gpwtyv3viwy9q4ewderl",6.763672167042006,0.0,0.0,0.0,0.0,61.01214250133581,0.1860337506114402,
68,20,00-0039337,Malik Nabers,WR,NYG,DAL,1.0,2026_01_DAL_NYG,2026-09-13 20:20:00,12.37725220569434,4.722152169602976,20.795741240317707,12.089268493123871,0.2879837125704689,C,1,4.799656035000331,22.25,3,Questionable,True,1.0,"https://static.www.nfl.com/image/upload/f_auto,q_auto/league/w3edoyyuomqlovvp9ixc",8.267131358014224,0.0,0.0,0.0,0.0,63.19364091106969,0.2597495404617469,
69,21,00-0036912,DeVonta Smith,WR,PHI,WAS,1.0,2026_01_WAS_PHI,2026-09-13 16:25:00,12.321321812823577,4.666221776732212,20.739810847446943,11.993141219345024,0.3281805934785531,C,12,1.019620378085637,25.25,3,,False,1.0,"https://static.www.nfl.com/image/upload/f_auto,q_auto/league/k724kq3hyv7jc0y9s03x",6.988757963781529,0.0,0.0,0.0,0.0,56.32752179524768,0.2435510300384192,
70,20,00-0041512,Jadarian Price,RB,SEA,NE,1.0,2026_01_NE_SEA,2026-09-09 20:20:00,12.292636301072877,4.929609926635739,19.733211457469515,12.065754151116607,0.2268821499562676,C,26,-1.530137019350241,23.75,1,,True,1.0,"https://static.www.nfl.com/image/upload/f_auto,q_auto/league/toy90i08oumgbdlvctja",0.0,0.0,0.0,0.0,0.0,0.0,0.0,7.800000000000001
71,21,00-0035261,Tony Pollard,RB,TEN,NYJ,1.0,2026_01_NYJ_TEN,2026-09-13 13:00:00,12.285774389359036,4.9227480149219,19.726349545755674,11.78521375620095,0.5005606331580879,B,1,5.028584378752627,20.0,1,,False,1.0,"https://static.www.nfl.com/image/upload/f_auto,q_auto/league/mb2xdrqiys6ktlcuah2n",2.2402808845001574,14.801984575487715,0.0,0.0,70.02206185085431,10.588583738385486,0.0693315073286782,
72,22,00-0041438,Carnell Tate,WR,TEN,NYJ,1.0,2026_01_NYJ_TEN,2026-09-13 13:00:00,12.2333776609693,4.578277624877937,20.651866695592663,12.301858095509203,-0.0684804345399037,C,3,2.351017871402859,20.0,3,,True,1.0,"https://static.www.nfl.com/image/upload/f_auto,q_auto/league/ghpmpzcnigxrdbyvcxke",0.0,0.0,0.0,0.0,0.0,0.0,0.0,
73,22,00-0040666,Omarion Hampton,RB,LAC,ARI,1.0,2026_01_ARI_LAC,2026-09-13 16:25:00,12.1443849436015,4.781358569164362,19.58496009999814,11.289005593248698,0.855379350352802,B,10,1.6144757441304447,28.5,1,,False,1.0,"https://static.www.nfl.com/image/upload/f_auto,q_auto/league/lf2jxvxnbexlinoydbej",3.371364621069476,11.888398981890411,0.0,0.0,50.50089113194044,17.468351394800766,0.1049705367678493,
74,23,00-0040124,Tetairoa McMillan,WR,CAR,CHI,1.0,2026_01_CHI_CAR,2026-09-13 13:00:00,12.114600534821172,4.459500498729809,20.53308956944454,11.959790638724328,0.1548098960968449,C,5,2.225905146267439,22.25,3,,False,1.0,"https://static.www.nfl.com/image/upload/f_auto,q_auto/league/gilgvjemumd6kpc9eiku",6.708051103727215,0.0,0.0,0.0,0.0,59.5641083997245,0.2384860949231895,
75,3,00-0036970,Kyle Pitts,TE,ATL,PIT,0.0,2026_01_ATL_PIT,2026-09-13 13:00:00,12.050326176206257,4.7884125502055,19.061596825118382,12.418762825512298,-0.3684366493060427,C,7,1.2292371990656024,17.0,2,,False,1.0,"https://static.www.nfl.com/image/upload/f_auto,q_auto/league/xczipzxvytnmvgznhhb4",7.294022045278329,0.0,0.0,0.0,0.0,58.94695267929567,0.2401607036802478,
76,23,00-0037228,Jaylen Warren,RB,PIT,ATL,1.0,2026_01_ATL_PIT,2026-09-13 13:00:00,12.04027723646189,4.677250862024752,19.480852392858527,11.85787402152009,0.1824032149418002,C,20,-0.2444479364851411,23.5,1,,False,1.0,"https://static.www.nfl.com/image/upload/f_auto,q_auto/league/dkiteytgnxar1mpaxcxv",2.452229002628406,12.79210697619641,0.0,0.0,60.03654680370454,16.24235745072015,0.078757968025017,
77,24,00-0036875,Rhamondre Stevenson,RB,NE,SEA,0.0,2026_01_NE_SEA,2026-09-09 20:20:00,12.033253718312109,4.670227343874969,19.473828874708744,12.605157198740834,-0.5719034804287269,D,30,-2.207445322392363,20.75,1,,False,1.0,"https://static.www.nfl.com/image/upload/f_auto,q_auto/league/zmpuirvuw4r04inxth5i",3.168161392630632,11.343527112017624,0.0,0.0,52.11416566456759,27.44803734860827,0.114439345287695,14.5
78,25,00-0038120,Breece Hall,RB,NYJ,TEN,0.0,2026_01_NYJ_TEN,2026-09-13 13:00:00,11.89121614564406,4.528189771206923,19.3317913020407,12.378722912731131,-0.4875067670870727,D,17,0.1816674637505417,18.5,1,,False,1.0,"https://static.www.nfl.com/image/upload/f_auto,q_auto/league/i01xtqbfajfq68lb6orh",2.6819198986285304,15.244186688032148,0.0513903444980872,0.205561377992349,65.70334619847354,19.57585426363168,0.0917281872115565,
79,24,00-0037261,Khalil Shakir,WR,BUF,HOU,0.0,2026_01_BUF_HOU,2026-09-13 13:00:00,11.740997264522596,4.085897228431231,20.15948629914596,11.907195740562962,-0.1661984760403658,C,25,-2.287521941925476,23.0,3,,False,2.0,"https://static.www.nfl.com/image/upload/f_auto,q_auto/league/syvp3hficobwcsim3i9v",6.914951226239871,0.0277709120446398,0.0,0.0,0.1388545602231994,51.07732244293199,0.2300450672907711,
80,28,00-0030565,Geno Smith,QB,NYJ,TEN,0.0,2026_01_NYJ_TEN,2026-09-13 13:00:00,11.708976001714882,3.2928446119645987,19.93623834436516,11.822229019557223,-0.1132530178423412,C,4,1.7738134437232205,18.5,1,,False,1.0,"https://static.www.nfl.com/image/upload/f_auto,q_auto/league/zppfqqcyjfma14jjif3a",0.0,2.300147895221465,28.940640447566444,192.4137197381272,5.113246534680997,0.0,0.0,
81,29,00-0038128,Malik Willis,QB,MIA,LV,0.0,2026_01_MIA_LV,2026-09-13 16:25:00,11.635167552125932,3.219036162375648,19.86242989477621,12.748626633428888,-1.113459081302956,F,23,-1.0911226941734515,18.75,1,,True,1.0,"https://static.www.nfl.com/image/upload/f_auto,q_auto/league/txvgdbwbryzyyqq6gfet",0.0,5.9567353018767815,9.7319165462975,119.5850366267518,33.285418262262475,0.0,0.0,
82,25,00-0035640,DK Metcalf,WR,PIT,ATL,1.0,2026_01_ATL_PIT,2026-09-13 13:00:00,11.5659242562472,3.910824220155836,19.984413290870567,11.324186763120512,0.2417374931266884,C,6,2.018407969842488,23.5,3,,False,1.0,"https://static.www.nfl.com/image/upload/f_auto,q_auto/league/kxql4sjfelubhxawu2zh",6.652687713423647,0.1453538443284411,0.0,0.0,0.872123065970647,54.62404861021266,0.2189518620821364,
83,30,00-0029604,Kirk Cousins,QB,LV,MIA,1.0,2026_01_MIA_LV,2026-09-13 16:25:00,11.322783572421638,2.9066521826713547,19.55004591507192,10.929037216379747,0.3937463560418894,B,14,-0.0731214317019775,21.75,1,,False,1.0,"https://static.www.nfl.com/image/upload/f_auto,q_auto/league/za7cynvpwlsro1tsaijk",0.0,1.6083695463096706,28.452022600133112,182.44624202788,0.4291293860058275,0.0,0.0,
84,26,00-0035719,Deebo Samuel Sr.,WR,SF,LA,0.0,2026_01_SF_LA,2026-09-10 20:35:00,11.237792023159042,3.582691987067677,19.656281057782408,11.2515077666096,-0.0137157434505592,C,4,2.3390035891471763,22.0,3,,False,2.0,"https://static.www.nfl.com/image/upload/f_auto,q_auto/league/ntgyhqg6hq7fanhhsqiw",5.684465526855666,1.04432908192411,0.0,0.0,4.394522289061238,43.540056624569445,0.2476229788620215,18.0
85,26,00-0033293,Aaron Jones,RB,MIN,GB,1.0,2026_01_GB_MIN,2026-09-13 16:25:00,11.231710789887366,3.868684415450228,18.672285946284003,10.864796354982136,0.3669144349052295,B,12,0.9178194789122968,24.0,1,,False,1.0,"https://static.www.nfl.com/image/upload/f_auto,q_auto/league/bktkfvgfwujkdbzkcfim",3.427687013707674,12.52946842158604,0.0,0.0,49.494905264540165,15.340805218139806,0.1514561721631168,
86,27,00-0039811,MarShawn Lloyd,RB,GB,MIN,0.0,2026_01_GB_MIN,2026-09-13 16:25:00,11.155271159799376,3.7922447853622394,18.595846316196013,12.065754151116607,-0.9104829913172328,D,22,-0.4446586998234302,22.5,1,,True,1.0,"https://static.www.nfl.com/image/upload/f_auto,q_auto/league/xp8sd4enimuk4zd0aqgu",0.0,0.0,0.0,0.0,0.0,0.0,0.0,
87,28,00-0036139,Rico Dowdle,RB,PIT,ATL,1.0,2026_01_ATL_PIT,2026-09-13 13:00:00,11.147951221964467,3.7849248475273294,18.588526378361102,10.965548007022663,0.182403214941802,C,20,-0.2444479364851411,23.5,1,,False,2.0,"https://static.www.nfl.com/image/upload/f_auto,q_auto/league/mx2bxccuzmdvzbksypws",3.0885593812415717,12.416884612391035,0.0,0.0,49.90803335964992,16.252410303732347,0.1145843771487296,
88,29,00-0040730,RJ Harvey,RB,DEN,KC,0.0,2026_01_DEN_KC,2026-09-14 20:15:00,11.146067378853015,3.783041004415877,18.58664253524965,11.5929041267345,-0.4468367478814841,D,24,-0.978310419215586,20.5,1,,False,2.0,"https://static.www.nfl.com/image/upload/f_auto,q_auto/league/szxmro5enrxlscvv67xg",4.310648553010719,10.358256017511778,0.0487227520691055,0.0,34.59750734426373,25.57000236994091,0.1298171285424225,
89,27,00-0037664,Alec Pierce,WR,IND,BAL,1.0,2026_01_BAL_IND,2026-09-13 13:00:00,10.97903447931204,3.3239344432206765,19.397523513935408,10.780180487355512,0.198853991956529,C,2,2.719982437733828,22.5,3,,False,1.0,"https://static.www.nfl.com/image/upload/f_auto,q_auto/league/qcg9t51wgp3hicavmkmy",5.494452610951001,0.0,0.0,0.0,0.0,67.53322877052867,0.1717936622010195,
90,28,00-0034960,Jakobi Meyers,WR,JAX,CLE,1.0,2026_01_CLE_JAX,2026-09-13 13:00:00,10.926388027080412,3.2712879909890478,19.344877061703777,10.73383304868629,0.1925549783941225,C,17,-0.5327932224102687,24.5,3,,False,3.0,"https://static.www.nfl.com/image/upload/f_auto,q_auto/league/zrs4ij8mvw7wr1uujwew",6.579307230395118,0.3668638071919001,0.0,0.0,0.9211172974783772,45.74044714330199,0.2166349693877949,
91,31,00-0033537,Deshaun Watson,QB,CLE,JAX,0.0,2026_01_CLE_JAX,2026-09-13 13:00:00,10.908966708989198,2.492835319238914,19.136229051639475,13.692523850794368,-2.7835571418051703,F,20,-0.6982967362266609,16.0,1,,True,1.0,"https://static.www.nfl.com/image/private/f_auto,q_auto/league/otfs2docj6eahaebo5xn",0.0,0.0,0.0,0.0,0.0,0.0,0.0,
92,29,00-0034348,Courtland Sutton,WR,DEN,KC,0.0,2026_01_DEN_KC,2026-09-14 20:15:00,10.876875808992256,3.22177577290089,19.295364843615623,11.312161498747486,-0.4352856897552311,D,31,-3.7857600325782257,20.5,3,,False,2.0,"https://static.www.nfl.com/image/upload/f_auto,q_auto/league/kqwmqcrlrwmqcvfuguhs",7.347132975741303,0.0,0.0,0.0,0.0,51.48930999681977,0.2082831320797325,
93,30,00-0038124,Christian Watson,WR,GB,MIN,0.0,2026_01_GB_MIN,2026-09-13 16:25:00,10.845291825873872,3.1901917897825074,19.26378086049724,11.173302187865865,-0.3280103619919909,C,32,-4.756801929640707,22.5,3,,False,1.0,"https://static.www.nfl.com/image/upload/f_auto,q_auto/league/tumeg4d32sirkab2xzu5",5.878927280493056,0.0851158527639389,0.0,0.0,0.2553475582918169,57.89800788452555,0.2089879606900779,
94,31,00-0035659,Terry McLaurin,WR,WAS,PHI,0.0,2026_01_WAS_PHI,2026-09-13 16:25:00,10.804798103490777,3.1496980673994104,19.22328713811414,11.29614701921992,-0.4913489157291462,D,26,-2.9581907809592107,19.25,3,,False,1.0,"https://static.www.nfl.com/image/upload/f_auto,q_auto/league/tmfl2zruajmkrtcg4zxp",5.836221808932484,0.0,0.0,0.0,0.0,59.2869037306653,0.2405439437237669,
95,4,00-0033288,George Kittle,TE,SF,LA,0.0,2026_01_SF_LA,2026-09-10 20:35:00,10.769640130070302,3.507726504069547,17.78091077898243,10.830625272557722,-0.0609851424874197,C,25,-0.1935901664507666,22.0,3,,False,1.0,"https://static.www.nfl.com/image/upload/f_auto,q_auto/league/vkicdglglkyukgyxtmpx",6.084739077910794,0.0577291631983681,0.0,0.0,-0.1731874895951044,54.86420285643331,0.2091500293319389,3.2
96,32,00-0038544,Quentin Johnston,WR,LAC,ARI,1.0,2026_01_ARI_LAC,2026-09-13 16:25:00,10.767734263409428,3.112634227318064,19.186223298032797,10.392145720123676,0.3755885432857528,B,27,-3.10806237315946,28.5,3,,False,2.0,"https://static.www.nfl.com/image/upload/f_auto,q_auto/league/lyvsrjh4mjb4dqwp6shm",6.014363300795112,0.0821488436973671,0.0,0.0,0.3650407761564169,50.61111140007854,0.195156378693652,
97,5,00-0040663,Harold Fannin Jr.,TE,CLE,JAX,0.0,2026_01_CLE_JAX,2026-09-13 13:00:00,10.730646083687407,3.4687324576866523,17.741916732599538,11.23080499192324,-0.5001589082358322,D,12,0.7276857720267013,16.0,3,,False,1.0,"https://static.www.nfl.com/image/upload/f_auto,q_auto/league/fxublmpnxx9uggsddwik",6.806228918719605,0.4790581496893619,0.0,0.0,0.8154664547971499,46.60016197291621,0.2323126758427318,
98,33,00-0036613,Jaylen Waddle,WR,DEN,KC,0.0,2026_01_DEN_KC,2026-09-14 20:15:00,10.63000958784766,2.974909551756295,19.048498622471023,11.06529527760289,-0.4352856897552311,D,31,-3.7857600325782257,20.5,3,,False,1.0,"https://static.www.nfl.com/image/upload/f_auto,q_auto/league/gkh7m1jedon9mwn5jlf1",5.971239629303828,0.2210627376652514,0.0407885434586359,0.3263083476690876,2.829379740724579,51.52761750383454,0.2330927487001872,
99,34,00-0039491,Jalen Coker,WR,CAR,CHI,1.0,2026_01_CHI_CAR,2026-09-13 13:00:00,10.612060126122769,2.9569600900314024,19.030549160746133,10.457250230025922,0.1548098960968449,C,5,2.225905146267439,22.25,3,,False,2.0,"https://static.www.nfl.com/image/upload/f_auto,q_auto/league/yynz8rxen6tsvhojggiv",5.351833650381375,0.0,0.0,0.0,0.0,52.82723145211367,0.1878404762536892,
100,35,00-0031408,Mike Evans,WR,SF,LA,0.0,2026_01_SF_LA,2026-09-10 20:35:00,10.5885991055334,2.933499069442034,19.007088140156768,10.602314848983958,-0.0137157434505592,C,4,2.3390035891471763,22.0,3,,False,1.0,"https://static.www.nfl.com/image/upload/f_auto,q_auto/league/zc4ujpmndyxrbiyyjomz",7.325769133541594,0.0,0.0,0.0,0.0,45.0042690496276,0.2314754277427077,16.9
101,30,00-0036158,J.K. Dobbins,RB,DEN,KC,0.0,2026_01_DEN_KC,2026-09-14 20:15:00,10.545702804950162,3.182676430513024,17.9862779613468,10.992539552831646,-0.4468367478814841,D,24,-0.978310419215586,20.5,1,,False,1.0,"https://static.www.nfl.com/image/upload/f_auto,q_auto/league/cevotvl3ho5h1mioruyg",1.316870930139696,15.50073553047882,0.0,0.0,77.43000379277655,3.5984349385648176,0.0433986806165383,
102,6,00-0030506,Travis Kelce,TE,KC,DEN,1.0,2026_01_DEN_KC,2026-09-14 20:15:00,10.47248642520728,3.210572799206524,17.48375707411941,10.399682178270533,0.0728042469367462,C,14,0.5529781137630537,23.0,3,,False,1.0,"https://static.www.nfl.com/image/upload/f_auto,q_auto/league/dpxovcfku6ud2aohgf6a",6.358989948398949,0.0634536850983666,0.0,0.0,0.0634536850983666,43.15346837827146,0.2121137414002598,
103,36,00-0030279,Keenan Allen,WR,IND,BAL,1.0,2026_01_BAL_IND,2026-09-13 13:00:00,10.41968113076506,2.7645810946736957,18.838170165388423,10.22082713880853,0.198853991956529,C,2,2.719982437733828,22.5,3,,False,3.0,"https://static.www.nfl.com/image/upload/f_auto,q_auto/league/ri267r6lzfwarh89hsn6",6.934292767677,0.0,0.0,0.0,0.0,37.68654183210954,0.2219353953406962,
104,31,00-0040784,Quinshon Judkins,RB,CLE,JAX,0.0,2026_01_CLE_JAX,2026-09-13 13:00:00,10.390127662109732,3.0271012876725942,17.83070281850637,11.27980029935835,-0.8896726372486174,D,25,-1.294882461628941,16.0,1,,False,1.0,"https://static.www.nfl.com/image/upload/f_auto,q_auto/league/ojtce2im0wp2ltyel0vc",2.898975224649649,15.61493052065712,0.0,0.0,51.06578732255078,14.388762787782792,0.0973746374939476,
105,7,00-0040128,Tyler Warren,TE,IND,BAL,1.0,2026_01_BAL_IND,2026-09-13 13:00:00,10.346759175366444,3.084845549365689,17.358029824278574,10.456775521665216,-0.1100163462987708,C,27,-1.0069425287606502,22.5,3,,False,1.0,"https://static.www.nfl.com/image/upload/f_auto,q_auto/league/f1mfwwrr3qvnxuiackgq",6.656177521073516,0.2501227175119126,0.0317268425491833,0.0,0.3046494523324137,40.41809504501216,0.214617943392249,
106,37,00-0037816,Romeo Doubs,WR,NE,SEA,0.0,2026_01_NE_SEA,2026-09-09 20:20:00,10.338151249676404,2.68305121358504,18.75664028429977,10.67476362300961,-0.3366123733332067,D,23,-2.194169556769165,20.75,3,,False,1.0,"https://static.www.nfl.com/image/upload/f_auto,q_auto/league/yxvzijmgwyyigljxfmyb",5.6251554783581925,0.0,0.0,0.0,0.0,54.97686158314006,0.1899122573367536,0.0
107,8,00-0038996,Tucker Kraft,TE,GB,MIN,0.0,2026_01_GB_MIN,2026-09-13 16:25:00,10.259466900067926,2.99755327406717,17.27073754898006,10.393407350931412,-0.133940450863486,C,29,-1.4966077912654436,22.5,3,,False,1.0,"https://static.www.nfl.com/image/upload/f_auto,q_auto/league/n6vu44jbq31rydoaadaq",5.615753102447302,0.0805755073677155,0.0,0.0,0.2417265221031466,62.318704267309705,0.1882247525953218,
108,9,00-0039065,Sam LaPorta,TE,DET,NO,1.0,2026_01_NO_DET,2026-09-13 13:00:00,10.241853335601084,2.9799397096003304,17.253123984513216,9.727536532291175,0.5143168033099084,B,17,0.3875073837982407,28.25,3,,False,1.0,"https://static.www.nfl.com/image/upload/f_auto,q_auto/league/wxlk7ysg2nfq6h6ntdcu",5.42244721894136,0.0,0.0,0.0,0.0,55.60840895895063,0.1831307351963783,
109,32,00-0040583,Woody Marks,RB,HOU,BUF,1.0,2026_01_BUF_HOU,2026-09-13 13:00:00,10.22357215791973,2.860545783482592,17.664147314316367,9.946426403352223,0.2771457545675044,C,9,2.043500048027062,21.5,1,,False,2.0,"https://static.www.nfl.com/image/upload/f_auto,q_auto/league/y5ntpcenhhhv98uz2fys",2.17530798377728,14.419325291494753,0.0,0.0,52.73420151624316,9.459039663017458,0.0656249125127217,
110,10,00-0034351,Dallas Goedert,TE,PHI,WAS,1.0,2026_01_WAS_PHI,2026-09-13 16:25:00,10.129758485389967,2.867844859389214,17.1410291343021,9.644343841652256,0.4854146437377125,B,2,2.982508238275356,25.25,3,,False,1.0,"https://static.www.nfl.com/image/upload/f_auto,q_auto/league/bafepstxu7vvxb9v5vua",5.658525315276984,0.1294955535889786,0.0,0.0,0.1294955535889786,37.66021400979803,0.210295967657393,
111,38,00-0031588,Stefon Diggs,WR,WAS,PHI,0.0,2026_01_WAS_PHI,2026-09-13 16:25:00,10.078200289092756,2.423100253001391,18.49668932371612,10.569549204821902,-0.4913489157291462,D,26,-2.9581907809592107,19.25,3,,False,2.0,"https://static.www.nfl.com/image/upload/f_auto,q_auto/league/cemcexmscsarpvwhafln",5.453944496313737,0.0,0.0,0.0,0.0,48.284637709245445,0.2023382945352854,
112,39,00-0036252,Michael Pittman,WR,PIT,ATL,1.0,2026_01_ATL_PIT,2026-09-13 13:00:00,10.026920947431238,2.3718209113398734,18.445409982054606,9.78518345430455,0.2417374931266884,C,6,2.018407969842488,23.5,3,,False,2.0,"https://static.www.nfl.com/image/upload/f_auto,q_auto/league/q1ythn05kwcmdr4mwzll",6.035021166216565,0.0,0.0,0.0,0.0,38.606178619547634,0.1888405378473947,
113,40,00-0039919,Rome Odunze,WR,CHI,CAR,0.0,2026_01_CHI_CAR,2026-09-13 13:00:00,9.984556960116151,3.889326428722892,16.64260245104893,10.02703461081298,-0.042477650696826,C,29,-3.3189485217032018,25.25,3,Questionable,False,1.0,"https://static.www.nfl.com/image/upload/f_auto,q_auto/league/niewdl2p2325kpohbw9v",6.969534460956602,0.0,0.0,0.0,0.0,48.30359763900171,0.207011888210763,
114,11,00-0036040,Juwan Johnson,TE,NO,DET,0.0,2026_01_NO_DET,2026-09-13 13:00:00,9.976595370249536,4.396252082867722,16.1641480767088,9.982609676545804,-0.0060143062962669,C,8,1.1513334710887635,21.25,3,,False,1.0,"https://static.www.nfl.com/image/upload/f_auto,q_auto/league/ahzqkvhjot6lygwr4ccb",5.729731125077582,0.0,0.0,0.0,0.0,56.93907564098673,0.1711876272776589,
115,41,00-0039915,Ladd McConkey,WR,LAC,ARI,1.0,2026_01_ARI_LAC,2026-09-13 16:25:00,9.96222292014216,3.8669923887488986,16.62026841107494,9.586634376856408,0.3755885432857528,B,27,-3.10806237315946,28.5,3,,False,1.0,"https://static.www.nfl.com/image/upload/f_auto,q_auto/league/q2sk7yforrkiusvruo1o",5.558378284898908,0.0,0.0,0.0,0.0,42.44749887086186,0.1885281831197705,
116,42,00-0040129,Emeka Egbuka,WR,TB,CIN,0.0,2026_01_TB_CIN,2026-09-13 13:00:00,9.898906138440822,3.80367560704756,16.5569516293736,10.018401345317937,-0.1194952068771151,C,22,-2.130799652384183,23.5,3,,False,1.0,"https://static.www.nfl.com/image/upload/f_auto,q_auto/league/z224kbzs62rjuykc0vha",6.745185597577071,0.048252061744916,0.0,0.0,0.1798799254848738,44.22282534139146,0.2180054192969403,
117,33,00-0040236,Kyle Monangai,RB,CHI,CAR,0.0,2026_01_CHI_CAR,2026-09-13 13:00:00,9.757628679248004,3.616261413154058,16.352235822552093,9.54446024808361,0.2131684311643944,C,11,0.9599110495891328,25.25,1,,False,2.0,"https://static.www.nfl.com/image/upload/f_auto,q_auto/league/bkkk3uuouhcobydqawro",2.335670452344369,10.554454217826416,0.0,0.0,43.86612987250753,15.109052753406086,0.0674764202097744,
118,43,00-0041042,Malachi Fields,WR,NYG,DAL,1.0,2026_01_DAL_NYG,2026-09-13 20:20:00,9.542512340735586,3.447281809342324,16.200557831668362,8.579012805694548,0.9634995350410378,A,1,4.799656035000331,22.25,3,,True,2.0,"https://static.www.nfl.com/image/upload/f_auto,q_auto/league/tpls1aptxx9x8xaqvjtj",0.0,0.0,0.0,0.0,0.0,0.0,0.0,
119,12,00-0038129,Cade Otton,TE,TB,CIN,0.0,2026_01_TB_CIN,2026-09-13 13:00:00,9.49676498690089,3.9164216995190753,15.68431769336015,9.109162149661618,0.3876028372392728,B,1,3.3682692454210064,23.5,3,,False,1.0,"https://static.www.nfl.com/image/upload/f_auto,q_auto/league/yanr6h9aplae3jyzimf7",5.428233971373627,0.0,0.0,0.0,0.0,40.048988025840046,0.1841161280544873,
120,34,00-0039391,Kimani Vidal,RB,LAC,ARI,1.0,2026_01_ARI_LAC,2026-09-13 16:25:00,9.454945927854146,3.3135786617602,16.049553071158236,8.599566577501344,0.855379350352802,A,10,1.6144757441304447,28.5,1,,False,3.0,"https://static.www.nfl.com/image/upload/f_auto,q_auto/league/tqdctdun0bv60d5ziwtl",1.7076039951124198,11.486586877266264,0.0,0.0,43.53765697649678,12.321328215967643,0.0578260532356985,
121,44,00-0034827,DJ Moore,WR,BUF,HOU,0.0,2026_01_BUF_HOU,2026-09-13 13:00:00,9.448541304324907,3.3533107729316454,16.106586795257684,9.614739780365271,-0.1661984760403658,C,25,-2.287521941925476,23.0,3,,False,1.0,"https://static.www.nfl.com/image/upload/f_auto,q_auto/league/lsavpxtqoqu25emwcnvy",5.422310315874782,0.6835450554553081,0.0344521883861354,0.0689043767722708,3.466127597208967,41.89139758137639,0.1596259110203361,
122,45,00-0039893,Brian Thomas Jr.,WR,JAX,CLE,1.0,2026_01_CLE_JAX,2026-09-13 13:00:00,9.444913297786623,3.3496827663933617,16.1029587887194,9.252358319392505,0.1925549783941207,C,17,-0.5327932224102687,24.5,3,,False,1.0,"https://static.www.nfl.com/image/upload/f_auto,q_auto/league/plnekkriys4cm11rnxwl",5.4821341454187165,0.1469752476371884,0.0,0.0,0.9144444891181788,46.00856066407821,0.1658804906556662,
123,46,00-0033555,Mack Hollins,WR,NE,SEA,0.0,2026_01_NE_SEA,2026-09-09 20:20:00,9.361265445534212,3.26603491414095,16.019310936466987,9.697877818867417,-0.3366123733332049,D,23,-2.194169556769165,20.75,3,,False,3.0,"https://static.www.nfl.com/image/upload/f_auto,q_auto/league/qbz7whjzsittudcecezw",5.445982376852999,0.0407885434586359,0.0,0.0,0.1631541738345438,49.881256361687846,0.1798248949828606,9.100000000000001
124,47,00-0036259,Jauan Jennings,WR,MIN,GB,1.0,2026_01_GB_MIN,2026-09-13 16:25:00,9.317041052977702,3.22181052158444,15.97508654391048,9.079643386794409,0.237397666183293,C,10,1.1496631124970225,24.0,3,,False,3.0,"https://static.www.nfl.com/image/upload/f_auto,q_auto/league/ben8kbygzzlid6ltmdum",5.436302384652608,0.0,0.1130616134308312,3.278786789494106,0.0,41.6539116834957,0.1865255534048128,
125,48,00-0033908,Cooper Kupp,WR,SEA,NE,1.0,2026_01_NE_SEA,2026-09-09 20:20:00,9.290413478069484,3.195182946676224,15.948458969002262,9.184684418721304,0.1057290593481798,C,20,-1.1048100820623636,23.75,3,,False,3.0,"https://static.www.nfl.com/image/upload/f_auto,q_auto/league/kjixprihktsfog6wx9sq",5.38634982087595,0.0,0.0306934104703375,0.0,0.0,39.78798100234332,0.1902142971603102,5.5
126,49,00-0040735,Luther Burden III,WR,CHI,CAR,0.0,2026_01_CHI_CAR,2026-09-13 13:00:00,9.289761217065465,3.194530685672203,15.94780670799824,9.332238867762293,-0.0424776506968278,C,29,-3.3189485217032018,25.25,3,,False,2.0,"https://static.www.nfl.com/image/upload/f_auto,q_auto/league/iyuwdz7pbowdkwzq2tg5",5.362128509403091,0.5926980635592904,0.0,0.0,1.947673331771508,48.3776006100338,0.1575822331783487,
127,50,00-0038997,Josh Downs,WR,IND,BAL,1.0,2026_01_BAL_IND,2026-09-13 13:00:00,9.179000500602768,3.083769969209506,15.837045991535543,8.980146508646241,0.1988539919565273,C,2,2.719982437733828,22.5,3,,False,2.0,"https://static.www.nfl.com/image/upload/f_auto,q_auto/league/z3wahaxpmc6d5lcxgh60",5.5242056447485135,0.2322762425851532,0.0,0.0,-0.3391357009563696,37.320382995658285,0.1751860212844795,
128,51,00-0038563,Tre Tucker,WR,LV,MIA,1.0,2026_01_MIA_LV,2026-09-13 16:25:00,9.13687538453603,3.041644853142768,15.794920875468806,9.129392835219294,0.0074825493167356,C,14,0.0476227702008252,21.75,3,,False,1.0,"https://static.www.nfl.com/image/upload/f_auto,q_auto/league/hazzk3hrcequzosdgzgv",5.374271896459966,0.740720239645277,0.0,0.0,2.765859472918407,35.716819888879485,0.1929829067893226,
129,35,00-0039032,Tyjae Spears,RB,TEN,NYJ,1.0,2026_01_NYJ_TEN,2026-09-13 13:00:00,9.045833437278125,2.904466171184179,15.640440580582212,8.545272804120037,0.5005606331580879,B,1,5.028584378752627,20.0,1,,False,2.0,"https://static.www.nfl.com/image/upload/f_auto,q_auto/league/pkly3nkohty1tuijtwty",4.128460526014695,5.637945204319355,0.0,0.0,21.07514406028048,19.789565653327355,0.1326152865893184,
130,52,00-0033921,Chris Godwin Jr.,WR,TB,CIN,0.0,2026_01_TB_CIN,2026-09-13 13:00:00,8.986158544869753,2.8909280134764908,15.64420403580253,9.105653751746868,-0.1194952068771151,C,22,-2.130799652384183,23.5,3,,False,2.0,"https://static.www.nfl.com/image/upload/f_auto,q_auto/league/ilkheljdx4hbjpisulke",5.404219493751576,0.0,0.0,0.0,0.0,41.68533868191424,0.1718560916588246,
131,36,00-0041027,Jeremiyah Love,RB,ARI,LAC,0.0,2026_01_ARI_LAC,2026-09-13 16:25:00,8.942726313262744,2.8013590471687984,15.537333456566833,12.065754151116607,-3.123027837853865,F,27,-1.927916980717929,19.0,1,Questionable,True,1.0,"https://static.www.nfl.com/image/upload/f_auto,q_auto/league/b12gtjsylmql5v7iyyla",0.0,0.0,0.0,0.0,0.0,0.0,0.0,
132,37,00-0033906,Alvin Kamara,RB,NO,DET,0.0,2026_01_NO_DET,2026-09-13 13:00:00,8.942486374184547,2.8011191080906013,15.537093517488636,9.218191241644666,-0.275704867460119,C,19,-0.1148355435039112,21.25,1,Questionable,False,2.0,"https://static.www.nfl.com/image/upload/f_auto,q_auto/league/yxebpuskandivlh2iil4",3.3268382772594984,11.050032603729417,0.0,0.0,38.89569794922667,16.59105734936002,0.1105105338364998,
133,13,00-0034383,Dalton Schultz,TE,HOU,BUF,1.0,2026_01_BUF_HOU,2026-09-13 13:00:00,8.773056313166284,3.192713025784469,14.960609019625544,9.053085276817727,-0.2800289636514446,D,30,-1.937083716243248,21.5,3,,False,1.0,"https://static.www.nfl.com/image/upload/f_auto,q_auto/league/ym8sbkev8l4scnrc0vd8",5.300140444706673,0.0,0.0,0.0,0.0,42.66655183366115,0.1646537562089365,
134,14,00-0039847,Theo Johnson,TE,NYG,DAL,1.0,2026_01_DAL_NYG,2026-09-13 20:20:00,8.674299411065535,3.09395612368372,14.861852117524794,8.655946503774427,0.0183529072911081,C,13,0.6731228236368341,22.25,3,,False,2.0,"https://static.www.nfl.com/image/upload/f_auto,q_auto/league/fv2jbzlocr1o3ahkru43",4.936616950899948,0.0,0.0,0.0,0.0,38.533817708118974,0.1791398803947571,
135,53,00-0039849,Marvin Harrison Jr.,WR,ARI,LAC,0.0,2026_01_ARI_LAC,2026-09-13 16:25:00,8.653392016065784,2.558161484672522,15.31143750699856,9.176754826471068,-0.5233628104052848,D,28,-3.210578656517344,19.0,3,,False,1.0,"https://static.www.nfl.com/image/upload/f_auto,q_auto/league/hwpoo1icpnh8emjvqaii",5.812412505383312,0.0,0.0,0.0,0.0,45.59425836449122,0.1691142783976656,
136,54,00-0039146,Jayden Reed,WR,GB,MIN,0.0,2026_01_GB_MIN,2026-09-13 16:25:00,8.621618332239901,2.5263878008466394,15.279663823172678,8.941007930347798,-0.3193895981078967,D,32,-4.756801929640707,22.5,3,,True,2.0,"https://static.www.nfl.com/image/upload/f_auto,q_auto/league/uhb95fij1uo92ymqxpmg",4.912467274828677,0.6663080564854261,0.0,0.0,7.118058864522131,41.672633541945615,0.1704006825678388,
137,55,00-0039868,Troy Franklin,WR,DEN,KC,0.0,2026_01_DEN_KC,2026-09-14 20:15:00,8.577453112234846,2.482222580841584,15.235498603167622,9.012738801990078,-0.4352856897552328,D,31,-3.7857600325782257,20.5,3,,False,5.0,"https://static.www.nfl.com/image/upload/f_auto,q_auto/league/wgfbgxjntyqzojpizgaj",5.383149345094082,0.2485099507113785,0.0,0.0,0.3857595671752832,38.69589220672152,0.1581962069771893,
138,15,00-0036244,Colby Parkinson,TE,LA,SF,1.0,2026_01_SF_LA,2026-09-10 20:35:00,8.543608565823806,2.963265278441991,14.731161272283066,8.213226647207598,0.330381918616208,B,10,1.0039946250878462,25.5,3,,False,1.0,"https://static.www.nfl.com/image/upload/f_auto,q_auto/league/qsyrgtfjj06wryahnxc9",4.748324337870477,0.0,0.0,0.0,0.0,40.28218333854519,0.1316918177132034,1.6
139,56,00-0038994,Jordan Addison,WR,MIN,GB,1.0,2026_01_GB_MIN,2026-09-13 16:25:00,8.527439406205135,2.432208874811873,15.185484897137911,8.290041740021842,0.237397666183293,C,10,1.1496631124970225,24.0,3,,False,2.0,"https://static.www.nfl.com/image/upload/f_auto,q_auto/league/mi4lzk9gvjrvo6rwdf1e",4.765853518822351,0.1693807099132147,0.0,0.0,8.651783897631102,34.58321339194403,0.165677615305139,
140,38,00-0039738,Blake Corum,RB,LA,SF,1.0,2026_01_SF_LA,2026-09-10 20:35:00,8.446037652890107,2.304670386796161,15.040644796194195,7.80811783574402,0.6379198171460869,A,8,2.051195626518701,25.5,1,,False,2.0,"https://static.www.nfl.com/image/upload/f_auto,q_auto/league/axzqbqjkrbwfzodwwakq",1.0670444002835122,9.27027186855338,0.0,0.0,46.71778142267463,6.123055116495399,0.029115332925907,5.4
141,57,00-0035535,Darius Slayton,WR,NYG,DAL,1.0,2026_01_DAL_NYG,2026-09-13 20:20:00,8.429432976707831,2.3342024453145696,15.087478467640608,8.146513453338194,0.2829195233696371,B,1,4.799656035000331,22.25,3,,False,,"https://static.www.nfl.com/image/upload/f_auto,q_auto/league/otksyfjll5waf0vsczeu",4.889340716856717,0.0,0.0,0.0,0.0,38.0504054059038,0.1680052672453974,
142,16,00-0038935,Brenton Strange,TE,JAX,CLE,1.0,2026_01_CLE_JAX,2026-09-13 13:00:00,8.418984071577848,2.8386407841960324,14.606536778037109,8.461788459745728,-0.0428043881678803,C,32,-2.200300330300673,24.5,3,,False,1.0,"https://static.www.nfl.com/image/upload/f_auto,q_auto/league/devxzxwf1sfficgncggm",5.0850728583613165,0.0,0.0,0.0,0.0,39.947186947418864,0.160468923980188,
143,17,00-0038933,Dalton Kincaid,TE,BUF,HOU,0.0,2026_01_BUF_HOU,2026-09-13 13:00:00,8.359284773787898,2.778941486406083,14.546837480247158,8.414408868785905,-0.0551240949980069,C,28,-1.1008222734971491,23.0,3,,False,1.0,"https://static.www.nfl.com/image/upload/f_auto,q_auto/league/z7k857flehljboaixj8m",4.227238119645427,0.0,0.0,0.0,0.0,47.44128381287153,0.1422231502030324,
144,58,00-0040705,Chimere Dike,WR,TEN,NYJ,1.0,2026_01_NYJ_TEN,2026-09-13 13:00:00,8.350691343254784,2.2554608118615223,15.00873683418756,8.364714459006661,-0.0140231157518773,C,3,2.351017871402859,20.0,3,,False,4.0,"https://static.www.nfl.com/image/upload/f_auto,q_auto/league/cbcpv4931dqmgsu3anvo",4.731780148384783,0.5023486926339807,0.0,0.0,0.5836629637942278,29.34628748831153,0.1536307924361043,
145,18,00-0033090,Hunter Henry,TE,NE,SEA,0.0,2026_01_NE_SEA,2026-09-09 20:20:00,8.306113484226248,2.725770196844433,14.493666190685508,8.468393566256543,-0.1622800820302945,C,23,-0.1113550916017908,20.75,3,,False,1.0,"https://static.www.nfl.com/image/upload/f_auto,q_auto/league/cvlunbqgztudbhjrug7l",4.55416607453694,0.0,0.0,0.0,0.0,38.61886976959079,0.1597765185492756,5.6
146,59,00-0036407,Jerry Jeudy,WR,CLE,JAX,0.0,2026_01_CLE_JAX,2026-09-13 13:00:00,8.294953133759428,2.1997226023661662,14.952998624692205,8.90960681212769,-0.6146536783682617,D,16,-0.3552918702149675,16.0,3,,False,1.0,"https://static.www.nfl.com/image/upload/f_auto,q_auto/league/szca1v9butuqkjs7ekpm",5.780682429761264,0.1269073701967333,0.0,0.0,0.6345368509836667,33.898500924365464,0.2104863153294117,
147,60,00-0040170,Elic Ayomanor,WR,TEN,NYJ,1.0,2026_01_NYJ_TEN,2026-09-13 13:00:00,8.285518874473002,2.1902883430797404,14.94356436540578,8.29954199022488,-0.0140231157518773,C,3,2.351017871402859,20.0,3,,False,5.0,"https://static.www.nfl.com/image/upload/f_auto,q_auto/league/jjmscqt6v4ecasveugoh",5.62249961584063,0.0,0.0,0.0,0.0,33.14480415992871,0.1820459752495399,
148,39,00-0036555,Chuba Hubbard,RB,CAR,CHI,1.0,2026_01_CHI_CAR,2026-09-13 13:00:00,8.253761221187405,2.1123939550934594,14.848368364491494,8.225772773322552,0.0279884478648533,C,23,-0.593982750871297,22.25,1,,False,1.0,"https://static.www.nfl.com/image/upload/f_auto,q_auto/league/rzsvnt0pxsaize2ndhxm",2.506854592330411,8.352468578063108,0.0,0.0,31.445507930345784,13.006758057688458,0.0870488843868696,
149,19,00-0040189,Oronde Gadsden II,TE,LAC,ARI,1.0,2026_01_ARI_LAC,2026-09-13 16:25:00,8.045350804284721,2.465007516902906,14.23290351074398,7.340125218370231,0.7052255859144907,A,4,2.281169274594496,28.5,3,,False,3.0,"https://static.www.nfl.com/image/upload/f_auto,q_auto/league/r8b4oghjwhw8x9nv1wbs",4.03739000373457,0.0,0.0,0.0,0.0,37.01737252613198,0.1340758185355762,
150,20,00-0034753,Mark Andrews,TE,BAL,IND,0.0,2026_01_BAL_IND,2026-09-13 13:00:00,8.044924743381623,2.464581455999808,14.232477449840882,7.661025850714846,0.3838988926667772,B,11,0.8947211945389764,26.0,3,,False,1.0,"https://static.www.nfl.com/image/upload/f_auto,q_auto/league/u4xzz7tclch0tpzm9hhz",3.984151065374469,0.5031724809718181,0.0,0.0,2.703231953135443,23.00834307727738,0.1778553518871994,
151,61,00-0039424,Devaughn Vele,WR,NO,DET,0.0,2026_01_NO_DET,2026-09-13 13:00:00,8.038674861254929,1.9434443298616677,14.696720352187706,8.175352404268525,-0.1366775430135955,C,11,1.0410088574498109,21.25,3,,False,2.0,"https://static.www.nfl.com/image/upload/f_auto,q_auto/league/fa3dwsu8nxzkbf2knczm",4.841869543956501,0.0,0.0,0.0,0.0,39.267919774266616,0.1538624671113109,
152,62,00-0039894,Xavier Worthy,WR,KC,DEN,1.0,2026_01_DEN_KC,2026-09-14 20:15:00,8.005839430118971,1.9106088987257095,14.663884921051748,8.075353250175393,-0.0695138200564216,C,30,-3.453143329065961,23.0,3,,False,2.0,"https://static.www.nfl.com/image/upload/f_auto,q_auto/league/u6fmnffwteccoxn3uguq",4.867794632803675,0.7170398846390902,0.0,0.0,4.194766516673686,36.71200188199955,0.1582378298319402,
153,63,00-0039410,Ryan Flournoy,WR,DAL,NYG,0.0,2026_01_DAL_NYG,2026-09-13 20:20:00,7.922406242992419,1.827175711599157,14.580451733925194,7.865965465889343,0.0564407771030754,C,21,-1.331655319140544,25.25,3,,False,3.0,"https://static.www.nfl.com/image/upload/f_auto,q_auto/league/tqwq3cgpqu7j9hzoyicx",4.2624095952052805,0.1492560940803924,0.0,0.0,0.8947186180631101,36.745134843028445,0.1289890221356864,
154,40,00-0035685,David Montgomery,RB,HOU,BUF,1.0,2026_01_BUF_HOU,2026-09-13 13:00:00,7.914297016942985,1.7729297508490394,14.508904160247074,7.637151262375482,0.2771457545675035,B,9,2.043500048027062,21.5,1,,False,1.0,"https://static.www.nfl.com/image/upload/f_auto,q_auto/league/csz0c9roa4pqsccothxg",1.5205912689570444,8.388253523023764,0.1029511958974739,0.09518052764755,37.22981609109779,10.74861845623861,0.0479823499260382,
155,41,00-0038611,Chris Rodriguez Jr.,RB,JAX,CLE,1.0,2026_01_CLE_JAX,2026-09-13 13:00:00,7.91075942742844,1.769392161334494,14.505366570732528,7.584173576489993,0.3265858509384465,B,16,0.2071987467138273,24.5,1,,False,2.0,"https://static.www.nfl.com/image/upload/f_auto,q_auto/league/pknd5uajvpvfd8c744im",0.4695669747303483,10.559673661571823,0.0,0.0,46.59247609829262,3.945852308223774,0.0195819018306436,
156,21,00-0040736,Mason Taylor,TE,NYJ,TEN,0.0,2026_01_NYJ_TEN,2026-09-13 13:00:00,7.909383687770596,2.329040400388781,14.096936394229855,8.125430484873261,-0.2160467971026651,C,6,1.475706268620409,18.5,3,,False,1.0,"https://static.www.nfl.com/image/upload/f_auto,q_auto/league/xittx9gih104lw1atfiv",5.192607271002307,0.0,0.0,0.0,0.0,29.086885024527614,0.1804976935086594,
157,22,00-0038041,Jake Ferguson,TE,DAL,NYG,0.0,2026_01_DAL_NYG,2026-09-13 20:20:00,7.797174402647333,2.216831115265518,13.984727109106592,7.535521827332955,0.2616525753143781,B,18,0.2560264876143039,25.25,3,,False,1.0,"https://static.www.nfl.com/image/upload/f_auto,q_auto/league/xpykb0tbosfwsn6dqstb",4.901274647172616,0.0634536850983666,0.0,0.0,0.0634536850983666,28.38747609057271,0.1391029186641256,
158,23,00-0037809,Chig Okonkwo,TE,WAS,PHI,0.0,2026_01_WAS_PHI,2026-09-13 16:25:00,7.5862785937164015,2.005935306334586,13.773831300175662,8.0439711576294,-0.4576925639129987,D,31,-1.9586980395179396,19.25,3,,False,1.0,"https://static.www.nfl.com/image/upload/f_auto,q_auto/league/pzcez6pi9tpdqkmjjnzk",4.937385397828777,0.0,0.0,0.0,0.0,32.21650839834924,0.1591886731015744,
159,64,00-0039890,Adonai Mitchell,WR,NYJ,TEN,0.0,2026_01_NYJ_TEN,2026-09-13 13:00:00,7.561574209893957,1.466343678500695,14.219619700826732,7.905322115179356,-0.3437479052853991,D,9,1.179481482378954,18.5,3,,False,2.0,"https://static.www.nfl.com/image/upload/f_auto,q_auto/league/hwwacoa3pqapd7pgahfx",5.5385490358825855,0.0915671840762727,0.0,0.0,-0.3662687363050911,29.72425469489235,0.1837234099121673,
160,24,00-0035229,T.J. Hockenson,TE,MIN,GB,1.0,2026_01_GB_MIN,2026-09-13 16:25:00,7.437738557455838,1.857395270074023,13.625291263915098,7.342237463026243,0.0955010944295953,C,24,-0.165808343058297,24.0,3,,False,1.0,"https://static.www.nfl.com/image/upload/f_auto,q_auto/league/rs8o65x0u0n9xzde0fd6",4.099024964579639,0.0834882836771923,0.0,0.0,0.0,29.3066818019976,0.152256307752775,
161,42,00-0037525,Jordan Mason,RB,MIN,GB,1.0,2026_01_GB_MIN,2026-09-13 16:25:00,7.403925965564428,1.2625586994704818,13.998533108868516,7.037011530659197,0.3669144349052304,B,12,0.9178194789122968,24.0,1,,False,2.0,"https://static.www.nfl.com/image/upload/f_auto,q_auto/league/qeeucinnxl8mpzaw23hc",0.6942549797858119,9.10416927017286,0.0,0.0,45.45426358427294,2.3053911322183582,0.0243992425868509,
162,65,00-0038976,Marvin Mims Jr.,WR,DEN,KC,0.0,2026_01_DEN_KC,2026-09-14 20:15:00,7.380482234846552,1.28525170345329,14.038527725779328,7.815767924601784,-0.4352856897552319,D,31,-3.7857600325782257,20.5,3,,False,3.0,"https://static.www.nfl.com/image/upload/f_auto,q_auto/league/zbdjtph5xplbf4yocz0l",4.15605255792577,0.5917020343775542,0.0,0.0,3.5398961643677564,32.81392288773899,0.1234986762353797,
163,66,00-0038608,Kayshon Boutte,WR,HOU,BUF,1.0,2026_01_BUF_HOU,2026-09-13 13:00:00,7.372722726548914,1.2774921951556522,14.03076821748169,7.497976550049653,-0.1252538235007394,C,24,-2.2283020802923685,21.5,3,,False,2.0,"https://static.www.nfl.com/image/upload/f_auto,q_auto/league/mg4icjqhwhnc5uobmau5",3.950117517618192,0.0,0.0,0.0,0.0,36.22931686744619,0.149086377279328,
164,67,00-0035662,Marquise Brown,WR,PHI,WAS,1.0,2026_01_WAS_PHI,2026-09-13 16:25:00,7.3703586896651005,1.2751281582718388,14.028404180597878,7.042178096186545,0.3281805934785557,B,12,1.019620378085637,25.25,3,,False,4.0,"https://static.www.nfl.com/image/upload/f_auto,q_auto/league/shkjxggufymydgp6wk3p",3.8581608220626697,0.0,0.0,0.0,0.0,33.41985649626933,0.1280277953201415,
165,68,00-0036309,Darnell Mooney,WR,NYG,DAL,1.0,2026_01_DAL_NYG,2026-09-13 20:20:00,7.34981577909764,1.2545852477043784,14.007861270030418,7.066896255728002,0.282919523369638,B,1,4.799656035000331,22.25,3,,False,3.0,"https://static.www.nfl.com/image/upload/f_auto,q_auto/league/eaejonwaflt9drrs9ika",4.702866360526057,0.0,0.0,0.0,0.0,28.7654514247066,0.161169035190231,
166,69,00-0037545,Rashid Shaheed,WR,SEA,NE,1.0,2026_01_NE_SEA,2026-09-09 20:20:00,7.286087699685777,1.190857168292515,13.944133190618556,7.180358640337597,0.1057290593481798,C,20,-1.1048100820623636,23.75,3,,False,2.0,"https://static.www.nfl.com/image/upload/f_auto,q_auto/league/ku2naisfbxmzgagxojnm",3.8413205593513777,0.7715455523498723,0.0,0.0,5.3390613518435845,29.11964129567548,0.127218025267165,1.4
167,43,00-0040242,Jacory Croskey-Merritt,RB,WAS,PHI,0.0,2026_01_WAS_PHI,2026-09-13 16:25:00,7.247574773009228,1.1062075069152826,13.842181916313317,7.620529082359488,-0.3729543093502601,D,14,0.5738426483425347,19.25,1,,False,1.0,"https://static.www.nfl.com/image/upload/f_auto,q_auto/league/qew4qhlj4yuf50voko61",0.4618312769161361,10.618323874645077,0.0,0.0,48.19225086293416,2.3235789662417794,0.0179080252224404,
168,44,00-0037256,Rachaad White,RB,WAS,PHI,0.0,2026_01_WAS_PHI,2026-09-13 16:25:00,7.235791120024968,1.0944238539310227,13.830398263329055,7.608745429375229,-0.3729543093502609,D,14,0.5738426483425347,19.25,1,,False,2.0,"https://static.www.nfl.com/image/upload/f_auto,q_auto/league/wtdhs50gcl2p6vngsnre",2.4242411515682782,6.835245203975312,0.0,0.0,31.54648101588399,12.571927450639391,0.079202983045695,
169,25,00-0039793,AJ Barner,TE,SEA,NE,1.0,2026_01_NE_SEA,2026-09-09 20:20:00,7.186418921302801,1.6060756339209856,13.37397162776206,7.05560872027054,0.1308102010322613,C,15,0.4726207398738417,23.75,3,,False,1.0,"https://static.www.nfl.com/image/upload/f_auto,q_auto/league/i0esiguve9if4ts5mm1q",3.682912245298729,0.4423290711035302,0.0,0.0,0.6379671922266159,29.1206207448402,0.1215404608792552,3.3
170,70,00-0037614,John Metchie III,WR,CAR,CHI,1.0,2026_01_CHI_CAR,2026-09-13 13:00:00,7.185150400925404,1.0899198695321424,13.84319589185818,7.03034050482856,0.154809896096844,C,5,2.225905146267439,22.25,3,,False,4.0,"https://static.www.nfl.com/image/upload/f_auto,q_auto/league/nsjpnskeldxzbzckpfgg",4.244903945427505,0.233732048360815,0.0,0.0,-0.1504680864875615,23.75691828364222,0.14952946192371,
171,71,00-0041523,Caleb Douglas,WR,MIA,LV,0.0,2026_01_MIA_LV,2026-09-13 16:25:00,7.137391523291501,1.042160991898239,13.795437014224277,8.579012805694548,-1.4416212824030472,F,18,-0.8097966791562458,18.75,3,,True,2.0,"https://static.www.nfl.com/image/upload/f_auto,q_auto/league/stwypvmutplwvi1zzbmu",0.0,0.0,0.0,0.0,0.0,0.0,0.0,
172,26,00-0031610,Darren Waller,TE,CAR,CHI,1.0,2026_01_CHI_CAR,2026-09-13 13:00:00,7.132137097337337,1.5517938099555213,13.319689803796596,7.163060702044604,-0.0309236047072678,C,19,0.1215633882395767,22.25,3,,False,3.0,"https://static.www.nfl.com/image/upload/f_auto,q_auto/league/loyehiyzcu2lexjk7plq",3.903658696465766,0.1193389448046012,0.0,0.0,0.4773557792184051,30.0885721546668,0.1533611479782073,
173,27,00-0039066,Michael Mayer,TE,LV,MIA,1.0,2026_01_MIA_LV,2026-09-13 16:25:00,7.102654577678283,1.522311290296468,13.290207284137542,7.0493912922206015,0.0532632854576817,C,5,1.5502978030392829,21.75,3,,False,2.0,"https://static.www.nfl.com/image/upload/f_auto,q_auto/league/twnkr9uq1phvukxb5jmh",4.130611139249592,0.0,0.0,0.0,0.0,28.998567230628435,0.1491572196971691,
174,28,00-0037252,Greg Dulcich,TE,MIA,LV,0.0,2026_01_MIA_LV,2026-09-13 16:25:00,7.100492495671235,1.5201492082894197,13.288045202130494,7.431641051446269,-0.3311485557750346,D,21,-0.0558540108920736,18.75,3,,False,1.0,"https://static.www.nfl.com/image/upload/f_auto,q_auto/league/kw4cwgjl4kywh6le4sfh",3.699303009965451,0.1503576486315595,0.0,0.0,-1.0525035404209169,38.691157284533006,0.1570803751791944,
175,29,00-0037112,Jake Tonges,TE,SF,LA,0.0,2026_01_SF_LA,2026-09-10 20:35:00,7.090351417389348,1.5100081300075328,13.277904123848607,7.151336559876768,-0.0609851424874197,C,25,-0.1935901664507666,22.0,3,,False,2.0,"https://static.www.nfl.com/image/upload/f_auto,q_auto/league/z6goxhdhfc2m0rmwvtbl",4.604517447162857,0.0,0.0,0.0,0.0,31.54420692795219,0.1357448744195507,0.0
176,72,00-0038618,Xavier Hutchinson,WR,HOU,BUF,1.0,2026_01_BUF_HOU,2026-09-13 13:00:00,6.992591777535392,0.8973612461421299,13.650637268468168,7.117845601036131,-0.1252538235007394,C,24,-2.2283020802923685,21.5,3,,False,3.0,"https://static.www.nfl.com/image/upload/f_auto,q_auto/league/n5baiu6sg9wh3xhhewkd",4.988868281498215,0.1551438682017813,0.0,0.0,1.2381493505088348,29.800147173787813,0.1450023123549543,
177,73,00-0034837,Calvin Ridley,WR,TEN,NYJ,1.0,2026_01_NYJ_TEN,2026-09-13 13:00:00,6.847261978082729,0.7520314466894673,13.505307469015506,6.860221928345238,-0.012959950262509,C,3,2.351017871402859,20.0,3,,True,3.0,"https://static.www.nfl.com/image/upload/f_auto,q_auto/league/zrv8bjm7zdtboyka2jvr",4.667875713360344,0.0,0.0,0.0,0.0,42.63773736213073,0.1493338710345277,
178,74,00-0039901,Keon Coleman,WR,BUF,HOU,0.0,2026_01_BUF_HOU,2026-09-13 13:00:00,6.81724344237745,0.722012910984188,13.475288933310226,6.9834419184178165,-0.1661984760403667,C,25,-2.287521941925476,23.0,3,,False,3.0,"https://static.www.nfl.com/image/upload/f_auto,q_auto/league/cm7g87waetksjouyjgvg",3.91814344708824,0.0,0.0,0.0,0.0,28.49513862022658,0.1315429372302965,
179,45,00-0033526,Samaje Perine,RB,CIN,TB,1.0,2026_01_TB_CIN,2026-09-13 13:00:00,6.766031116694446,0.6246638506005002,13.360638259998534,6.289101951566572,0.4769291651278742,B,21,-0.4139025094736344,27.0,1,,False,2.0,"https://static.www.nfl.com/image/upload/f_auto,q_auto/league/fllwhcdovol5i7xxahf6",1.6625898674328885,6.588558804001695,0.0,0.0,28.44354488355492,7.091880304810388,0.047378550216484,
180,46,00-0037157,Bam Knight,RB,ARI,LAC,0.0,2026_01_ARI_LAC,2026-09-13 16:25:00,6.757408138707876,0.6160408726139304,13.352015282011966,7.4531887710515,-0.6957806323436238,F,27,-1.927916980717929,19.0,1,,False,3.0,"https://static.www.nfl.com/image/upload/f_auto,q_auto/league/mjxnlzlnnwlfqayeybut",2.9029444098728567,7.028455133273394,0.0,0.0,22.846568414516064,14.610582184534378,0.0694964800756794,
181,75,00-0039880,Malik Washington,WR,MIA,LV,0.0,2026_01_MIA_LV,2026-09-13 16:25:00,6.703127817724752,0.6078972863314904,13.361173308657529,7.126441780278582,-0.4233139625538298,D,18,-0.8097966791562458,18.75,3,,False,1.0,"https://static.www.nfl.com/image/upload/f_auto,q_auto/league/dmaiwnmaal9nrwfskl28",3.460559652259867,0.9050189382821974,0.0,0.0,6.15364257318744,17.66739903907613,0.1396075312909896,
182,76,00-0040867,Makai Lemon,WR,PHI,WAS,1.0,2026_01_WAS_PHI,2026-09-13 16:25:00,6.640782068575729,0.5455515371824671,13.298827559508506,5.875363626592553,0.7654184419831758,A,12,1.019620378085637,25.25,3,,True,3.0,"https://static.www.nfl.com/image/upload/f_auto,q_auto/league/ys2i2o7c0bl36xvlrojz",0.0,0.0,0.0,0.0,0.0,0.0,0.0,
183,30,00-0036894,Pat Freiermuth,TE,PIT,ATL,1.0,2026_01_ATL_PIT,2026-09-13 13:00:00,6.627358789734758,1.0470155023529424,12.814911496194018,6.569894682652666,0.057464107082092,C,22,-0.105144234757835,23.5,3,,False,1.0,"https://static.www.nfl.com/image/upload/f_auto,q_auto/league/pyrdsypgggjshiaygkr7",3.7321850727981176,0.0,0.0,0.0,0.0,32.634988229135885,0.1123155876047796,
184,31,00-0033885,David Njoku,TE,LAC,ARI,1.0,2026_01_ARI_LAC,2026-09-13 16:25:00,6.541421092683076,0.9610778053012607,12.728973799142334,5.836195506768586,0.7052255859144898,A,4,2.281169274594496,28.5,3,,False,2.0,"https://static.www.nfl.com/image/upload/f_auto,q_auto/league/y4g1iayqrbrhdvkqywpx",3.726653366198049,0.0,0.0,0.0,0.0,21.84834521619363,0.1099793699350058,
185,32,00-0035689,Dawson Knox,TE,BUF,HOU,0.0,2026_01_BUF_HOU,2026-09-13 13:00:00,6.524286590251702,0.9439433028698864,12.71183929671096,6.579410685249708,-0.055124094998006,C,28,-1.1008222734971491,23.0,3,,False,2.0,"https://static.www.nfl.com/image/upload/f_auto,q_auto/league/k8bi9ppahwfmoxs8ij4w",3.504708976308232,0.0,0.0,0.0,0.0,29.517725098953385,0.1181196323726048,
186,77,00-0040870,Ja'Kobi Lane,WR,BAL,IND,0.0,2026_01_BAL_IND,2026-09-13 13:00:00,6.51600056542917,0.4207700340359084,13.174046056361949,5.875363626592553,0.6406369388366171,A,7,1.8804701975704865,26.0,3,,True,3.0,"https://static.www.nfl.com/image/upload/f_auto,q_auto/league/gjezd2a8imfrxyv16wuj",0.0,0.0,0.0,0.0,0.0,0.0,0.0,
187,78,00-0041547,KC Concepcion,WR,CLE,JAX,0.0,2026_01_CLE_JAX,2026-09-13 13:00:00,6.485772557493841,0.3905420261005794,13.143818048426615,8.579012805694548,-2.093240248200707,F,16,-0.3552918702149675,16.0,3,,True,2.0,"https://static.www.nfl.com/image/upload/f_auto,q_auto/league/ztdyzyngqr1pexyghlt3",0.0,0.0,0.0,0.0,0.0,0.0,0.0,
188,79,00-0038393,Dontayvion Wicks,WR,PHI,WAS,1.0,2026_01_WAS_PHI,2026-09-13 16:25:00,6.457378174836025,0.3621476434427633,13.115423665768802,6.12919758135747,0.3281805934785549,B,12,1.019620378085637,25.25,3,,False,2.0,"https://static.www.nfl.com/image/upload/f_auto,q_auto/league/v1lt8kpvkn0qw5elyaoz",3.299064340853709,0.0992521622749672,0.0,0.0,0.5955129736498036,24.492074861169485,0.1196224332261359,
189,47,00-0041125,Seth McGowan,RB,IND,BAL,1.0,2026_01_BAL_IND,2026-09-13 13:00:00,6.294624773872202,0.1532575077782558,12.88923191717629,6.049549726763399,0.245075047108803,B,18,-0.1073455075049363,22.5,1,,True,2.0,"https://static.www.nfl.com/image/upload/f_auto,q_auto/league/qkwvvygwu9pan88sivzb",0.0,0.0,0.0,0.0,0.0,0.0,0.0,
190,48,00-0035537,Ty Johnson,RB,BUF,HOU,0.0,2026_01_BUF_HOU,2026-09-13 13:00:00,6.285422140947896,0.1440548748539498,12.880029284251984,6.688219266564668,-0.4027971256167726,D,32,-2.484908465434435,23.0,1,Questionable,False,3.0,"https://static.www.nfl.com/image/upload/f_auto,q_auto/league/zruhihypizhtgpvsaj3c",2.249115383774803,3.949723118212753,0.0,0.0,14.48702538998397,18.803098119975605,0.0797701255210066,
191,80,00-0040667,Matthew Golden,WR,GB,MIN,0.0,2026_01_GB_MIN,2026-09-13 16:25:00,6.234913668943343,0.1396831375500813,12.89295915987612,6.562924030935335,-0.3280103619919918,D,32,-4.756801929640707,22.5,3,,False,3.0,"https://static.www.nfl.com/image/upload/f_auto,q_auto/league/dbjki6b0swksr7mk17wk",3.231594518772739,0.4665351194832512,0.0,0.0,1.9696596138511524,29.88751765048325,0.1302149306798758,
192,81,00-0038619,Andrei Iosivas,WR,CIN,TB,1.0,2026_01_TB_CIN,2026-09-13 13:00:00,6.2227161617177424,0.1274856303244806,12.88076165265052,5.822940057976101,0.3997761037416412,B,15,-0.2774585989483792,27.0,3,,False,3.0,"https://static.www.nfl.com/image/upload/f_auto,q_auto/league/xhrvbt81iohroyftuyj2",3.621522759819893,0.1483765834492262,0.0,0.0,0.6892885942338866,26.558736763869152,0.0980305803818585,
193,49,00-0038705,Emari Demercado,RB,DAL,NYG,0.0,2026_01_DAL_NYG,2026-09-13 20:20:00,6.159210568672373,0.0178433025784272,12.753817711976462,5.770869811601609,0.3883407570707637,B,7,2.419075162179636,25.25,1,,False,2.0,"https://static.www.nfl.com/image/upload/f_auto,q_auto/league/wu0sm9ttr4aiugi9fquf",1.846002285978262,3.854606064845095,0.0,0.0,26.06723847846458,10.200686162402013,0.0488255986321673,
194,50,00-0039874,Jaylen Wright,RB,MIA,LV,0.0,2026_01_MIA_LV,2026-09-13 16:25:00,6.152099028125795,0.010731762031849,12.746706171429883,6.336780423016956,-0.1846813948911609,C,6,2.5168216117778366,18.75,1,,False,2.0,"https://static.www.nfl.com/image/upload/f_auto,q_auto/league/feeuommtlmpvuxvtb1zt",1.1107207832515738,8.169609944462636,0.0,0.0,33.61136728579524,6.354315181406889,0.0455613922958653,
195,51,00-0039344,Jonathon Brooks,RB,CAR,CHI,1.0,2026_01_CHI_CAR,2026-09-13 13:00:00,6.112536725263872,0.0,12.70714386856796,6.049549726763399,0.0629869985004729,C,23,-0.593982750871297,22.25,1,,True,2.0,"https://static.www.nfl.com/image/upload/f_auto,q_auto/league/txl39rwjrs2fkm1shtxh",0.0,0.0,0.0,0.0,0.0,0.0,0.0,
196,82,00-0039342,Xavier Legette,WR,CAR,CHI,1.0,2026_01_CHI_CAR,2026-09-13 13:00:00,6.037576030434806,0.0,12.695621521367585,5.882766134337963,0.1548098960968431,C,5,2.225905146267439,22.25,3,,False,3.0,"https://static.www.nfl.com/image/upload/f_auto,q_auto/league/yoyxkitrdqbkhyqncy5p",3.760134943046873,0.0256951722490436,0.0,0.0,0.0,20.91909904446671,0.1276773330113306,
197,52,00-0036893,Najee Harris,RB,NYG,DAL,1.0,2026_01_DAL_NYG,2026-09-13 20:20:00,5.9955461950126505,2.5806175110982545,9.657880366052709,5.483391074674595,0.5121551203380559,A,3,2.8517560036732545,22.25,1,,True,2.0,"https://static.www.nfl.com/image/upload/f_auto,q_auto/league/grfxgbvqnzz40r7rdtvk",0.959360309700436,5.185463082273571,0.0,0.0,21.20006062819702,8.115355407481974,0.0332774550811366,
198,83,00-0040134,Pat Bryant,WR,DEN,KC,0.0,2026_01_DEN_KC,2026-09-14 20:15:00,5.938467214295962,2.470058222738653,9.640805127152287,6.373752904051193,-0.4352856897552311,D,31,-3.7857600325782257,20.5,3,,False,4.0,"https://static.www.nfl.com/image/upload/f_auto,q_auto/league/n91hznzkfpftxhqt1qd9",3.827624699479847,0.1325293893361945,0.0,0.0,0.1325293893361945,29.47598585310462,0.1104921606568965,
199,53,00-0038454,Keaton Mitchell,RB,LAC,ARI,1.0,2026_01_ARI_LAC,2026-09-13 16:25:00,5.879203723768532,2.464275039854136,9.541537894808588,5.02382437341573,0.855379350352802,A+,10,1.6144757441304447,28.5,1,,False,2.0,"https://static.www.nfl.com/image/upload/f_auto,q_auto/league/ztciwwpbyaffmckwrzdk",0.9281551488509844,5.109900981145894,0.0,0.0,27.46777331524015,4.413215011412991,0.0435779414988681,
200,54,00-0041052,Kaelon Black,RB,SF,LA,0.0,2026_01_SF_LA,2026-09-10 20:35:00,5.84461790178805,2.429689217873654,9.506952072828106,6.049549726763399,-0.2049318249753486,D,13,0.8611839894662499,22.0,1,,True,2.0,"https://static.www.nfl.com/image/upload/f_auto,q_auto/league/nwgkzr1ysr32jc79zfnt",0.0,0.0,0.0,0.0,0.0,0.0,0.0,8.0
201,84,00-0041035,De'Zhaun Stribling,WR,SF,LA,0.0,2026_01_SF_LA,2026-09-10 20:35:00,5.843374279290531,2.3749652877332226,9.545712192146857,5.875363626592553,-0.031989347302022,C,4,2.3390035891471763,22.0,3,,True,3.0,"https://static.www.nfl.com/image/upload/f_auto,q_auto/league/eu1nxtlztiwr5ko48iwz",0.0,0.0,0.0,0.0,0.0,0.0,0.0,0.0
202,55,00-0041013,Emmett Johnson,RB,KC,DEN,1.0,2026_01_DEN_KC,2026-09-14 20:15:00,5.829737490632363,2.414808806717967,9.49207166167242,6.049549726763399,-0.2198122361310357,D,29,-2.202769919558114,23.0,1,,True,2.0,"https://static.www.nfl.com/image/upload/f_auto,q_auto/league/avdz4njz1slqn7ktqcuq",0.0,0.0,0.0,0.0,0.0,0.0,0.0,
203,56,00-0038555,Tank Bigsby,RB,PHI,WAS,1.0,2026_01_WAS_PHI,2026-09-13 16:25:00,5.661897154019864,2.246968470105468,9.32423132505992,4.797339184232589,0.864557969787275,A+,2,4.126408072475582,25.25,1,,False,2.0,"https://static.www.nfl.com/image/upload/f_auto,q_auto/league/vfkdjfpiyrcuzahrmfvn",0.3405137420693771,5.412131999148458,0.0,0.0,28.484854411160928,3.741162938149849,0.0143704843082,
204,57,00-0037263,Tyler Allgeier,RB,ARI,LAC,0.0,2026_01_ARI_LAC,2026-09-13 16:25:00,5.62422279288762,2.209294108973224,9.286556963927676,6.320003425231243,-0.6957806323436229,F,27,-1.927916980717929,19.0,1,,False,2.0,"https://static.www.nfl.com/image/upload/f_auto,q_auto/league/sp9lhhmpv4qy3xy2msxd",1.0178694240417023,8.48989524491953,0.0,0.0,30.315342203795755,6.243739256905669,0.0347849918407867,
205,58,00-0040162,Dylan Sampson,RB,CLE,JAX,0.0,2026_01_CLE_JAX,2026-09-13 13:00:00,5.6237016918194325,2.2087730079050365,9.286035862859489,6.51337432906805,-0.8896726372486174,F,25,-1.294882461628941,16.0,1,,False,2.0,"https://static.www.nfl.com/image/upload/f_auto,q_auto/league/den1hzzomdxfcsgk88o5",2.694165601621243,5.021780280135434,0.0,0.0,14.821023037118632,18.51188268212148,0.0962673397885942,
206,59,00-0038797,Emanuel Wilson,RB,SEA,NE,1.0,2026_01_NE_SEA,2026-09-09 20:20:00,5.552140860147173,2.1372121762327767,9.214475031187227,5.501593694396471,0.0505471657507019,C,26,-1.530137019350241,23.75,1,,False,3.0,"https://static.www.nfl.com/image/upload/f_auto,q_auto/league/uorruvczsxzvffpbxu8z",0.7663678352372859,7.653931368003027,0.0,0.0,29.20129533271832,4.460292497072246,0.0341579206201783,0.30000000000000004
207,60,00-0034975,Justice Hill,RB,BAL,IND,0.0,2026_01_BAL_IND,2026-09-13 13:00:00,5.355152281471188,1.940223597556792,9.017486452511244,5.151811053238576,0.2033412282326123,B,15,0.316018828871896,26.0,1,,False,2.0,"https://static.www.nfl.com/image/upload/f_auto,q_auto/league/fuodbrwvianete2gy5ag",2.3811869073886003,1.6134352892081687,0.0,0.0,8.199685345485229,14.723956646023408,0.0876392831848152,
